Date,trend_score
2014-01-01,0.34217277246688466
2014-01-02,0.331028013736838
2014-01-03,0.3773063514776133
2014-01-06,0.3596241602092562
2014-01-07,0.3700277700528737
2014-01-08,0.4057413425992318
2014-01-09,0.43573254113667853
2014-01-10,0.40089423139268426
2014-01-13,0.38187247940729874
2014-01-14,0.33348813844026265
2014-01-15,0.31525293208751026
2014-01-16,0.31584208421102594
2014-01-17,0.3277640261637598
2014-01-20,0.3515524443705482
2014-01-21,0.40258899816523
2014-01-22,0.33839354041256253
2014-01-23,0.3726533274941615
2014-01-24,0.3836575079703379
2014-01-27,0.43620380833819516
2014-01-28,0.5096488434471248
2014-01-29,0.48774496782324755
2014-01-30,0.5118350485699145
2014-01-31,0.4754013755151477
2014-02-03,0.5001647000035069
2014-02-04,0.5021864418623433
2014-02-05,0.5332353678229608
2014-02-06,0.509446854797107
2014-02-07,0.492917286074161
2014-02-10,0.4315919091945171
2014-02-11,0.5408276050585417
2014-02-12,0.4932236830542441
2014-02-13,0.5075493031182461
2014-02-14,0.47594163213757357
2014-02-17,0.5573483603154799
2014-02-18,0.534537331893691
2014-02-19,0.5324709485993662
2014-02-20,0.5439537881812375
2014-02-21,0.5441865254738908
2014-02-24,0.5185567022802801
2014-02-25,0.5328575541992816
2014-02-26,0.4783770853070078
2014-02-28,0.5277185432185771
2014-03-03,0.4277530545861757
2014-03-04,0.46097171348506855
2014-03-05,0.480555297689752
2014-03-06,0.515101244484561
2014-03-07,0.3185788355936659
2014-03-10,0.3291971087613211
2014-03-11,0.399671461138769
2014-03-12,0.42612308700624413
2014-03-13,0.3672015782320555
2014-03-14,0.3913896322526758
2014-03-18,0.3635551097922736
2014-03-19,0.3253686909073371
2014-03-20,0.23551589598517103
2014-03-21,0.2905928671479341
2014-03-22,0.21559896705845474
2014-03-24,0.18554009835746535
2014-03-25,0.30552693735884806
2014-03-26,0.25401523736197534
2014-03-27,0.1953725809613567
2014-03-28,0.21490713825801475
2014-03-31,0.21550992414084139
2014-04-01,0.22307185783620176
2014-04-02,0.20753953983403634
2014-04-03,0.19426388912044998
2014-04-04,0.2231458055221113
2014-04-07,0.20792873912440726
2014-04-09,0.1808204933748802
2014-04-10,0.19156718485624477
2014-04-11,0.18768095377755623
2014-04-15,0.19892369013572414
2014-04-16,0.20225499241234338
2014-04-17,0.1922336571866324
2014-04-21,0.1799343204649302
2014-04-22,0.18719680431606767
2014-04-23,0.18453197297823537
2014-04-25,0.27034681677860795
2014-04-28,0.26644639448329915
2014-04-29,0.2764077926325756
2014-04-30,0.2577811443200608
2014-05-02,0.29323624309220303
2014-05-05,0.27168111871766937
2014-05-06,0.23423515294702674
2014-05-07,0.24852492947344393
2014-05-08,0.236197853021585
2014-05-09,0.2121667898859612
2014-05-12,0.20170759329015445
2014-05-13,0.21831278908968646
2014-05-14,0.21781390847803261
2014-05-15,0.21880063477109027
2014-05-16,0.20006607830240059
2014-05-19,0.21335361534328484
2014-05-20,0.22499420062957196
2014-05-21,0.2178351682468871
2014-05-22,0.21441773872148975
2014-05-23,0.21451728366593548
2014-05-26,0.22215648791049683
2014-05-27,0.2354431390775079
2014-05-28,0.23267769601326121
2014-05-29,0.28485477443377133
2014-05-30,0.29365592367179255
2014-06-02,0.2095456685947153
2014-06-03,0.17819504419860002
2014-06-04,0.23901856608082378
2014-06-05,0.18620585611720133
2014-06-06,0.1740048587640126
2014-06-09,0.17524570331384348
2014-06-10,0.17617182294106198
2014-06-11,0.2503813763394952
2014-06-12,0.24148235733254983
2014-06-13,0.24617399273051527
2014-06-16,0.29178428653162364
2014-06-17,0.27159360231567975
2014-06-18,0.30722659864763796
2014-06-19,0.40061821410128806
2014-06-20,0.39386844828675366
2014-06-23,0.3823745201474476
2014-06-24,0.3393937524073056
2014-06-25,0.3962838758589024
2014-06-26,0.41834300944899344
2014-06-27,0.4197622876501885
2014-06-30,0.39308701235269033
2014-07-01,0.4192947836990931
2014-07-02,0.3818226980055765
2014-07-03,0.411679352379888
2014-07-04,0.3522047171456747
2014-07-07,0.39765027019169163
2014-07-08,0.41859020699679095
2014-07-09,0.41302567518867456
2014-07-10,0.39494474337263613
2014-07-11,0.4194833352351725
2014-07-14,0.42907593149263484
2014-07-15,0.3912762096538631
2014-07-16,0.40593908859427064
2014-07-17,0.4206984927482851
2014-07-18,0.4258962399268199
2014-07-21,0.35104291083477357
2014-07-22,0.32196060294950973
2014-07-23,0.3560066869212525
2014-07-24,0.3358810110128631
2014-07-25,0.320119469750165
2014-07-28,0.34021655632159825
2014-07-30,0.3507743161347959
2014-07-31,0.36218430017065406
2014-08-01,0.4053095733450641
2014-08-04,0.39095420778583734
2014-08-05,0.4164058595184947
2014-08-06,0.35379021432350766
2014-08-07,0.36479905005173374
2014-08-08,0.37044344639635896
2014-08-11,0.3751610690268277
2014-08-12,0.35018643397339855
2014-08-13,0.33040855101097294
2014-08-14,0.30769859838734526
2014-08-18,0.26252881117332405
2014-08-19,0.26099371768883334
2014-08-20,0.27616616202977756
2014-08-21,0.283965720512235
2014-08-22,0.28252627528159036
2014-08-25,0.3034593384685066
2014-08-26,0.3106950304285374
2014-08-27,0.3484393406360126
2014-08-28,0.27935743187712814
2014-09-01,0.2807668946962994
2014-09-02,0.24423062970105083
2014-09-03,0.22539186632229444
2014-09-04,0.24511209402280731
2014-09-05,0.24915800364101717
2014-09-08,0.20537065242349886
2014-09-09,0.2495868508417906
2014-09-10,0.3165693612383509
2014-09-11,0.3249275067239036
2014-09-12,0.3286988800334077
2014-09-15,0.3744014701160916
2014-09-16,0.3951531061079549
2014-09-17,0.4035119274712388
2014-09-18,0.3264677844787843
2014-09-19,0.37377976702185106
2014-09-22,0.40710392004150575
2014-09-23,0.39035059134915495
2014-09-24,0.415854222053219
2014-09-25,0.4167550707860692
2014-09-26,0.3996017640737918
2014-09-29,0.41612319419530236
2014-09-30,0.36977250871669143
2014-10-01,0.4178146140540096
2014-10-07,0.42767739308564584
2014-10-08,0.39666165351920507
2014-10-09,0.37143167246922176
2014-10-10,0.3403116705385811
2014-10-13,0.40917651045282655
2014-10-14,0.28966555343143585
2014-10-16,0.3957927342222266
2014-10-17,0.39805096397593687
2014-10-20,0.3986689174540518
2014-10-21,0.4008870344824236
2014-10-22,0.37744456121179054
2014-10-23,0.34417970728422526
2014-10-27,0.3560693570341141
2014-10-28,0.36929243833944947
2014-10-29,0.33712419774840025
2014-10-30,0.301368410087367
2014-10-31,0.2478621812287218
2014-11-03,0.25168400310173733
2014-11-05,0.3000116657664032
2014-11-07,0.34539055250307094
2014-11-10,0.3489411289952206
2014-11-11,0.3398139011264856
2014-11-12,0.35722505929253584
2014-11-13,0.3463310509413455
2014-11-14,0.31455812448419435
2014-11-17,0.27711958805435283
2014-11-18,0.26132056372442125
2014-11-19,0.29917084046391784
2014-11-20,0.260689147564574
2014-11-21,0.24377434468825457
2014-11-24,0.2791986302823107
2014-11-25,0.25716293503176874
2014-11-26,0.29110044680427727
2014-11-27,0.29749957024989204
2014-11-28,0.2854795978534917
2014-12-01,0.4127696616926209
2014-12-02,0.3954496855812963
2014-12-03,0.3278694608432938
2014-12-04,0.39416159023821623
2014-12-05,0.4243610377642273
2014-12-08,0.4003977087989517
2014-12-09,0.40372926187690883
2014-12-10,0.38985847723264533
2014-12-11,0.4217575182865487
2014-12-12,0.4080504419209523
2014-12-15,0.4055442537891153
2014-12-16,0.4155961230022318
2014-12-17,0.39277688898631824
2014-12-18,0.4028908036865051
2014-12-19,0.3726648303095575
2014-12-22,0.3914203160143243
2014-12-23,0.3975588359118682
2014-12-24,0.4147022792207368
2014-12-26,0.39832401980095616
2014-12-29,0.35403091102789486
2014-12-30,0.4150434563857878
2014-12-31,0.3813971171610918
2015-01-01,0.5723454092063542
2015-01-02,0.49580439252911246
2015-01-05,0.5122410781616842
2015-01-06,0.6022807618740169
2015-01-07,0.5576992594730581
2015-01-08,0.5865385118570232
2015-01-09,0.4968558602559569
2015-01-12,0.521869769469822
2015-01-13,0.535409395776532
2015-01-14,0.5792427879014629
2015-01-15,0.5398153941141167
2015-01-16,0.5252020070063805
2015-01-19,0.4568633594433458
2015-01-20,0.40027507523037353
2015-01-21,0.3821937316528798
2015-01-22,0.390911904398645
2015-01-23,0.41497609505451644
2015-01-27,0.40752853343287987
2015-01-28,0.3676921581405817
2015-01-29,0.3452375652044385
2015-01-30,0.3851951866432271
2015-02-02,0.38715799502819126
2015-02-03,0.4186970267644166
2015-02-04,0.44268077106148335
2015-02-05,0.43449740038283313
2015-02-06,0.4355240886982112
2015-02-09,0.3773915395214342
2015-02-10,0.4250775883452296
2015-02-11,0.3986406633018141
2015-02-12,0.4270768695133987
2015-02-13,0.43558593197801465
2015-02-16,0.3797784447084286
2015-02-18,0.4000283862247464
2015-02-19,0.3799382899693213
2015-02-20,0.43874119632136505
2015-02-23,0.46050572454691585
2015-02-24,0.48721432465299797
2015-02-25,0.5076170781791309
2015-02-26,0.5105337090028194
2015-02-27,0.47848112708422763
2015-02-28,0.461179104839966
2015-03-02,0.4397236107061465
2015-03-03,0.36214202513497945
2015-03-04,0.3270907581828985
2015-03-05,0.37647453882209814
2015-03-09,0.37936355054117993
2015-03-10,0.41036182624321393
2015-03-11,0.4650448739200098
2015-03-12,0.38548889642395856
2015-03-13,0.44445725298280525
2015-03-16,0.4872633402773806
2015-03-17,0.4659503871651472
2015-03-18,0.49142182183941446
2015-03-19,0.4886565374220576
2015-03-20,0.529345465599708
2015-03-23,0.5040921336793713
2015-03-24,0.5205891825975025
2015-03-25,0.5099661938554175
2015-03-26,0.4705318417548472
2015-03-27,0.503842217364856
2015-03-30,0.5103667568736641
2015-03-31,0.4429090191493921
2015-04-01,0.5088405317464735
2015-04-06,0.5231299921140821
2015-04-07,0.48865226222277336
2015-04-08,0.4831373652990853
2015-04-09,0.4287259820386177
2015-04-10,0.4452444417335291
2015-04-13,0.34231096483317897
2015-04-15,0.3255779758337617
2015-04-16,0.36713105375927235
2015-04-17,0.3395264863028643
2015-04-20,0.3619126477597895
2015-04-21,0.3785708420319546
2015-04-22,0.38133284632215536
2015-04-23,0.4095352728623677
2015-04-24,0.4082525953794533
2015-04-27,0.3566868287763428
2015-04-28,0.3724984326803141
2015-04-29,0.41718879357549343
2015-04-30,0.3716553789120247
2015-05-04,0.4125808945146595
2015-05-05,0.3547103596546902
2015-05-06,0.3231696245243379
2015-05-07,0.34581250826080523
2015-05-08,0.3366583746221464
2015-05-11,0.41160830173760055
2015-05-12,0.3335902122468244
2015-05-13,0.3290968657071273
2015-05-14,0.3594683180297128
2015-05-15,0.3503830820432512
2015-05-18,0.37655674990267785
2015-05-19,0.4008473104317953
2015-05-20,0.3972471387737231
2015-05-21,0.3901235782167383
2015-05-22,0.3986003957265672
2015-05-25,0.4105374768335198
2015-05-26,0.3452070121657381
2015-05-27,0.3520835868278807
2015-05-28,0.382966827706704
2015-05-29,0.3618639219824183
2015-06-01,0.4104246207002543
2015-06-02,0.40296921163703686
2015-06-03,0.41036970309481763
2015-06-04,0.37479483808622743
2015-06-05,0.4134949471224897
2015-06-08,0.3495646576016655
2015-06-09,0.38275494187972237
2015-06-10,0.36062388351056696
2015-06-11,0.31244467956689304
2015-06-12,0.2991431183872046
2015-06-15,0.3598414991615621
2015-06-16,0.3566018810541191
2015-06-17,0.3604364720278592
2015-06-18,0.3838455052358888
2015-06-19,0.3931096097100378
2015-06-22,0.3989407245365308
2015-06-23,0.4037171640215966
2015-06-24,0.38552673299196555
2015-06-25,0.40972295691237565
2015-06-26,0.4191505243151065
2015-06-29,0.4560006995858902
2015-06-30,0.45549351902960333
2015-07-01,0.4432315957020889
2015-07-02,0.3584707416930268
2015-07-03,0.35330912310510826
2015-07-06,0.357609599335532
2015-07-07,0.3607997379998205
2015-07-08,0.38506545508711254
2015-07-09,0.35408544262580827
2015-07-10,0.3863916712547198
2015-07-13,0.386654370981082
2015-07-14,0.33918779859076814
2015-07-15,0.3864857047183574
2015-07-16,0.4299216935144871
2015-07-17,0.390704203051055
2015-07-20,0.40217119014835984
2015-07-21,0.37915202970323775
2015-07-22,0.4000863194021054
2015-07-23,0.37969045498986903
2015-07-24,0.4026341238222795
2015-07-27,0.3427334213490024
2015-07-28,0.3334791496746196
2015-07-29,0.31914987862359684
2015-07-30,0.3345624025621339
2015-07-31,0.3157610348857385
2015-08-03,0.3410999057409616
2015-08-04,0.3467621450516353
2015-08-05,0.3997650408322868
2015-08-06,0.47181306825672287
2015-08-07,0.4006705786018046
2015-08-10,0.4187510638305817
2015-08-11,0.43957556331570513
2015-08-12,0.44993269299282057
2015-08-13,0.47849838675297446
2015-08-14,0.4129605221104395
2015-08-17,0.46186677785375724
2015-08-18,0.5122190252069654
2015-08-19,0.40831340874864874
2015-08-20,0.4652366846307106
2015-08-21,0.5174844093301758
2015-08-24,0.5830759751759221
2015-08-25,0.5694430577937358
2015-08-26,0.5691556667143836
2015-08-27,0.5516732746133889
2015-08-28,0.553259931276928
2015-08-31,0.5746890952407658
2015-09-01,0.5731409820460881
2015-09-02,0.5590793576865295
2015-09-03,0.5451755515379636
2015-09-04,0.5717912792982706
2015-09-07,0.5685624668594961
2015-09-08,0.4947042306400277
2015-09-09,0.4963469090022652
2015-09-10,0.533919713723671
2015-09-11,0.5252343876127201
2015-09-11,0.5551717960449566
2015-09-14,0.530090077451916
2015-09-15,0.4994422305792227
2015-09-16,0.4798515118754681
2015-09-18,0.31809546215757784
2015-09-21,0.41981754320576475
2015-09-22,0.41069752469863113
2015-09-23,0.4914454304634583
2015-09-24,0.493866835490231
2015-09-28,0.5320144210841661
2015-09-29,0.4777701554957673
2015-09-30,0.4846687099120512
2015-10-01,0.5252172160643938
2015-10-05,0.47695311868773016
2015-10-06,0.34257392193685154
2015-10-07,0.34319939259230364
2015-10-08,0.3641283084649769
2015-10-09,0.41680892778318035
2015-10-12,0.39826612098526687
2015-10-13,0.40642304475706514
2015-10-14,0.3752336895354155
2015-10-15,0.38548656543789855
2015-10-16,0.3484302028331444
2015-10-19,0.39116077280060196
2015-10-20,0.42527842602276084
2015-10-21,0.43407825300806857
2015-10-23,0.44071709710346385
2015-10-26,0.45598383647525337
2015-10-27,0.439776102489285
2015-10-28,0.45242229140194307
2015-10-29,0.44934342230410274
2015-10-30,0.4212715925173239
2015-11-02,0.41854209762434075
2015-11-03,0.3777321361658347
2015-11-04,0.3808041453022314
2015-11-05,0.3512526788894271
2015-11-06,0.45466432820943975
2015-11-09,0.40904494446436424
2015-11-10,0.40532302974030526
2015-11-11,0.4384392764945078
2015-11-13,0.4091278491771961
2015-11-16,0.39744379803281277
2015-11-17,0.41666671910391584
2015-11-18,0.39714461525637257
2015-11-19,0.3528314194979048
2015-11-20,0.3774867988753177
2015-11-23,0.4073253476951773
2015-11-24,0.39726568329973233
2015-11-26,0.3980593528798595
2015-11-27,0.4539788799272198
2015-11-30,0.46899085004627666
2015-12-01,0.48022410187559206
2015-12-02,0.46473738299050077
2015-12-03,0.4279944470669854
2015-12-04,0.43153533251436593
2015-12-07,0.38286904915385095
2015-12-08,0.42999434867437086
2015-12-09,0.446651048273666
2015-12-10,0.3850620738165293
2015-12-11,0.3844999428027024
2015-12-14,0.4134667214238096
2015-12-15,0.42155506979450674
2015-12-16,0.44023280882482063
2015-12-17,0.4171228855364417
2015-12-18,0.42649703648875376
2015-12-21,0.41647120825460426
2015-12-22,0.40942747008691943
2015-12-23,0.42523691631796773
2015-12-24,0.43468141445270325
2015-12-28,0.41923086483054095
2015-12-29,0.4198373308770643
2015-12-30,0.4593940677058304
2015-12-31,0.4195109674896666
2016-01-01,0.3808426349883836
2016-01-04,0.38817710168265424
2016-01-05,0.4085579585027883
2016-01-06,0.35189472159096125
2016-01-07,0.4156712128216341
2016-01-08,0.40241721660112834
2016-01-11,0.3483511009862863
2016-01-12,0.37158822449591594
2016-01-13,0.34056037084558755
2016-01-14,0.38310304250068045
2016-01-15,0.3528493792675073
2016-01-18,0.3620119970074627
2016-01-19,0.3675827910273443
2016-01-20,0.33815079115821844
2016-01-21,0.3613962878568982
2016-01-22,0.31953584510958244
2016-01-25,0.32180476247388995
2016-01-27,0.3307586338774759
2016-01-28,0.31904583726003066
2016-01-29,0.3431008737544087
2016-02-01,0.34812698675551945
2016-02-02,0.3367336186502975
2016-02-03,0.4060596910139244
2016-02-04,0.4830301382441067
2016-02-05,0.47346966742720925
2016-02-08,0.517201417061242
2016-02-09,0.5079393642313597
2016-02-10,0.5047500643464433
2016-02-11,0.5507633595954703
2016-02-12,0.6250611386247478
2016-02-15,0.5125199241677955
2016-02-16,0.5609989511636171
2016-02-17,0.49726647287047093
2016-02-18,0.5319757455308202
2016-02-19,0.5075770284986535
2016-02-22,0.4319406899206691
2016-02-23,0.4400731452085549
2016-02-24,0.4490720581054045
2016-02-25,0.49688503482376034
2016-02-26,0.47467899607287156
2016-02-29,0.4371419444323455
2016-03-01,0.42815107304305855
2016-03-02,0.37792115060256154
2016-03-03,0.4074958795610372
2016-03-04,0.40254329210778705
2016-03-08,0.3580829126362267
2016-03-09,0.35557554989118956
2016-03-10,0.39783384576661834
2016-03-11,0.39163181874342495
2016-03-14,0.40244748385433726
2016-03-15,0.41222397869712324
2016-03-16,0.43362668997263276
2016-03-17,0.39662996899747044
2016-03-18,0.3805250273519542
2016-03-21,0.3634113870521126
2016-03-22,0.3335296900405402
2016-03-23,0.37838551176649154
2016-03-28,0.33958569241993203
2016-03-29,0.3421458785424586
2016-03-30,0.3248660073960753
2016-03-31,0.339550407391205
2016-04-01,0.35037754185318154
2016-04-04,0.33392278636300743
2016-04-05,0.31288970612889383
2016-04-06,0.316384171623743
2016-04-07,0.32932671932691127
2016-04-08,0.32443611701241526
2016-04-11,0.3521541751960715
2016-04-12,0.3439416254002765
2016-04-13,0.3229029480706171
2016-04-18,0.32785384567696185
2016-04-20,0.3419070522825118
2016-04-21,0.34710123616320315
2016-04-22,0.3273527200775065
2016-04-25,0.3666887877838361
2016-04-26,0.37531387787306625
2016-04-27,0.3407901640988205
2016-04-28,0.358707522935479
2016-04-29,0.4129941751177716
2016-05-02,0.410898576459504
2016-05-03,0.46282091672208575
2016-05-04,0.46373042682843485
2016-05-05,0.5035073451462794
2016-05-06,0.5435375936720162
2016-05-09,0.45648785684472226
2016-05-10,0.4855908794496164
2016-05-11,0.46710492600808323
2016-05-12,0.43779190517767264
2016-05-13,0.46685781353050987
2016-05-16,0.4639497986092039
2016-05-17,0.45750242805743946
2016-05-18,0.4435804037144119
2016-05-19,0.4971468970961951
2016-05-20,0.5026881951428461
2016-05-23,0.5880243401820675
2016-05-24,0.5390479928847639
2016-05-25,0.49886206999090366
2016-05-26,0.48993385283428875
2016-05-27,0.4536057872113319
2016-05-30,0.4554413861213094
2016-05-31,0.43701172094467966
2016-06-01,0.4729649603642408
2016-06-02,0.4874781691420643
2016-06-03,0.4493322306359831
2016-06-06,0.4656910494833884
2016-06-07,0.45433569284752756
2016-06-08,0.4767078965467166
2016-06-09,0.4783992754912229
2016-06-10,0.42818856030904023
2016-06-13,0.43215337783983365
2016-06-14,0.4282879383710722
2016-06-15,0.41134028496373687
2016-06-16,0.44402666218581877
2016-06-17,0.4575398857880855
2016-06-20,0.4618227442889186
2016-06-21,0.4720183433658815
2016-06-22,0.4692657623159157
2016-06-23,0.4687490420531133
2016-06-24,0.44289817460116865
2016-06-27,0.46327669892096407
2016-06-28,0.45244345125898194
2016-06-29,0.4511031808073551
2016-06-30,0.46587561272684375
2016-07-01,0.4797643687863972
2016-07-04,0.4984218330370458
2016-07-05,0.49566768702012887
2016-07-07,0.5065570145287905
2016-07-08,0.4804089099541481
2016-07-11,0.42720783328834017
2016-07-12,0.388943546086494
2016-07-13,0.38813471196533944
2016-07-14,0.40888179456948737
2016-07-15,0.39995093097234524
2016-07-18,0.4280214500658832
2016-07-19,0.3888405517588743
2016-07-20,0.37742622994262537
2016-07-21,0.4279966803160543
2016-07-22,0.41060270202738364
2016-07-25,0.43624142742257294
2016-07-26,0.38878034351969326
2016-07-27,0.3962803037883231
2016-07-28,0.3806337504758289
2016-07-29,0.4048165680715173
2016-08-01,0.3670535434052138
2016-08-02,0.3576573495046814
2016-08-03,0.39730247078741515
2016-08-04,0.4069237927551278
2016-08-05,0.4016975329146617
2016-08-08,0.3670777836473202
2016-08-09,0.3689451953332955
2016-08-10,0.3430898525334299
2016-08-11,0.3433352364897516
2016-08-12,0.3657696060250173
2016-08-16,0.34647266162198886
2016-08-17,0.3233010712441683
2016-08-18,0.34338543701150764
2016-08-19,0.32407136236928274
2016-08-22,0.3360439131479786
2016-08-23,0.3322701379001098
2016-08-24,0.3418589363714737
2016-08-25,0.32291194535389933
2016-08-26,0.3379487003330164
2016-08-29,0.3194827016156467
2016-08-30,0.3035725380468062
2016-08-31,0.31449523212607966
2016-09-01,0.3510994703247468
2016-09-02,0.3459932582714242
2016-09-06,0.3378477852827729
2016-09-07,0.3373348649367234
2016-09-08,0.34570014131919136
2016-09-09,0.3381389920054741
2016-09-12,0.35457970925323856
2016-09-14,0.3608848726664118
2016-09-15,0.36587743565094655
2016-09-16,0.34199584153083523
2016-09-19,0.31393851746281265
2016-09-20,0.31773354872699755
2016-09-21,0.3240073859834863
2016-09-22,0.2926354311243676
2016-09-23,0.2838085711541795
2016-09-26,0.2875623868167241
2016-09-27,0.3018913429099168
2016-09-28,0.3724503557792705
2016-09-29,0.3549093749210023
2016-09-30,0.3601107944941175
2016-10-03,0.37612286595653116
2016-10-04,0.37386733332260924
2016-10-05,0.38162786831659756
2016-10-06,0.35755509166861604
2016-10-07,0.37487596032315007
2016-10-10,0.385010134002702
2016-10-13,0.3621018467153427
2016-10-14,0.3145425230361334
2016-10-17,0.3477135484935124
2016-10-18,0.31690683501023414
2016-10-19,0.3206914725264293
2016-10-20,0.33759213262436927
2016-10-21,0.33819176868796624
2016-10-24,0.36401896366293623
2016-10-25,0.335765485905851
2016-10-26,0.3439244102339652
2016-10-27,0.3696140440919618
2016-10-28,0.36122378313831777
2016-10-30,0.3998202137173663
2016-11-01,0.3567579971871114
2016-11-02,0.4505988575036713
2016-11-03,0.40631978866466395
2016-11-04,0.48773848925036656
2016-11-07,0.4833723034383725
2016-11-08,0.46427105727805346
2016-11-09,0.4440684684072695
2016-11-10,0.3996548998368937
2016-11-11,0.46060663695202614
2016-11-15,0.5478385961802459
2016-11-16,0.5087888518595421
2016-11-17,0.573210982695913
2016-11-18,0.5003635045479368
2016-11-21,0.49838114780142956
2016-11-22,0.4811980010629531
2016-11-23,0.40228298687840713
2016-11-24,0.4623516656062316
2016-11-25,0.4520050113268389
2016-11-28,0.46145203983173627
2016-11-29,0.41288348754550025
2016-11-30,0.4588875233582846
2016-12-01,0.4665555776474197
2016-12-02,0.47028095785245655
2016-12-05,0.4741605012166783
2016-12-06,0.43337294543003935
2016-12-07,0.4310087916133797
2016-12-08,0.4078968740145914
2016-12-09,0.390353790950277
2016-12-12,0.3887098790150414
2016-12-13,0.3369954112373843
2016-12-14,0.30400588843391074
2016-12-15,0.33421213208122025
2016-12-16,0.31941643262285774
2016-12-19,0.33484210178933155
2016-12-20,0.33769703111011196
2016-12-21,0.3249773424284811
2016-12-22,0.35981122162634543
2016-12-23,0.35071056921902044
2016-12-26,0.3612532721119019
2016-12-27,0.36127953890533115
2016-12-28,0.36211640739148343
2016-12-29,0.35853909425472585
2016-12-30,0.34187682676245007
2017-01-02,0.42510761702091254
2017-01-03,0.41843224452421135
2017-01-04,0.4897812978957256
2017-01-05,0.47600660458714683
2017-01-06,0.48881901835939234
2017-01-09,0.4825747652594877
2017-01-10,0.42436539961371345
2017-01-11,0.4723486753643967
2017-01-12,0.4909115625888479
2017-01-13,0.45669688596153424
2017-01-16,0.4474047449795871
2017-01-17,0.4352827924481562
2017-01-18,0.4170044431461509
2017-01-19,0.3833647636418684
2017-01-20,0.38404086416736677
2017-01-23,0.40076537990543915
2017-01-24,0.388894567776364
2017-01-25,0.3761734392292341
2017-01-27,0.4065557002522459
2017-01-30,0.3996432355574182
2017-01-31,0.38949120772442
2017-02-01,0.3965422643518684
2017-02-02,0.402417517420686
2017-02-03,0.39951294044366376
2017-02-06,0.39457326196597353
2017-02-07,0.3872784796322906
2017-02-08,0.3930268722357274
2017-02-09,0.404706226664368
2017-02-10,0.3896301448026847
2017-02-13,0.40077152673484023
2017-02-14,0.42367997313945355
2017-02-15,0.44664498932507724
2017-02-16,0.44943154434029253
2017-02-17,0.4375314533631173
2017-02-20,0.4509680032217679
2017-02-21,0.3014863244311617
2017-02-22,0.3051827146807755
2017-02-23,0.3599382866803349
2017-02-27,0.3025697931823555
2017-02-28,0.34894490996487787
2017-03-01,0.35758580014720126
2017-03-02,0.35252156554589203
2017-03-03,0.31312894569854666
2017-03-06,0.32674068385054855
2017-03-07,0.3551602985339728
2017-03-08,0.344913482155489
2017-03-09,0.32835612718832285
2017-03-10,0.3280921942285176
2017-03-14,0.2940891092491231
2017-03-15,0.3096438975983513
2017-03-16,0.3320980131585265
2017-03-17,0.3006346735123725
2017-03-20,0.3553816553681373
2017-03-21,0.42941530580314824
2017-03-22,0.4120716877238892
2017-03-23,0.3759085161279073
2017-03-24,0.3182286836390626
2017-03-27,0.4389285947470563
2017-03-27,0.4149358633888566
2017-03-28,0.4079906038405431
2017-03-29,0.4274978927100791
2017-03-30,0.42865105333144166
2017-03-31,0.3559151525359382
2017-04-03,0.3248631512946727
2017-04-05,0.3270716442047859
2017-04-06,0.2940290645871876
2017-04-07,0.36636596935815635
2017-04-10,0.40095797451792037
2017-04-11,0.4045681501106361
2017-04-12,0.46181380004286554
2017-04-13,0.44046777997133074
2017-04-17,0.3793285586426425
2017-04-18,0.4782432796303998
2017-04-19,0.4799247647856162
2017-04-20,0.46980209596759115
2017-04-21,0.3336827303276058
2017-04-24,0.341898437218493
2017-04-25,0.3027070114722959
2017-04-26,0.39325608756876923
2017-04-27,0.45582491292092364
2017-04-28,0.4390754008794204
2017-05-02,0.40307392905054923
2017-05-03,0.41917925924891086
2017-05-04,0.39453513255007056
2017-05-05,0.41184872743686557
2017-05-08,0.3920266506183966
2017-05-09,0.3770102938445162
2017-05-10,0.390053739621371
2017-05-11,0.41111447051403216
2017-05-12,0.41292336337042357
2017-05-15,0.38994597554296445
2017-05-16,0.38559024170078704
2017-05-17,0.3983423026802046
2017-05-18,0.38631786816308694
2017-05-19,0.3638462064440448
2017-05-22,0.3765643487542032
2017-05-23,0.3680818473497286
2017-05-24,0.35418977781073885
2017-05-25,0.35374125189506034
2017-05-26,0.389906212102703
2017-05-29,0.41160286434869503
2017-05-30,0.4262326926629529
2017-05-31,0.3952840739259566
2017-06-01,0.3957897789389726
2017-06-02,0.37847354687175144
2017-06-05,0.3812567514964599
2017-06-06,0.38303320013025066
2017-06-07,0.36611526970502123
2017-06-08,0.38175093090736323
2017-06-09,0.3805989587177677
2017-06-12,0.37528169937936895
2017-06-13,0.378371447588121
2017-06-14,0.4260380298953949
2017-06-15,0.4189425777927197
2017-06-16,0.4064644205911691
2017-06-19,0.3778162075778682
2017-06-20,0.39908355677725316
2017-06-21,0.3471768888641612
2017-06-22,0.35487129431295894
2017-06-23,0.3465856398136007
2017-06-27,0.3514488481300047
2017-06-28,0.480009453097629
2017-06-29,0.46934391486111554
2017-06-30,0.4267250821697141
2017-07-03,0.39911608002214893
2017-07-04,0.45545873765363126
2017-07-05,0.3397187637180207
2017-07-06,0.40310707943798196
2017-07-07,0.323016959070002
2017-07-10,0.37540191695062686
2017-07-11,0.34688381879465896
2017-07-12,0.3729940617306936
2017-07-13,0.3474654039439755
2017-07-14,0.3699937550768762
2017-07-17,0.3177988716366126
2017-07-18,0.36994375167991006
2017-07-19,0.36428659231665783
2017-07-20,0.33690446095157395
2017-07-21,0.28329050636174635
2017-07-24,0.3115585739831412
2017-07-25,0.3420233042659048
2017-07-26,0.3126669223974461
2017-07-27,0.3958921320887593
2017-07-28,0.38580479472003176
2017-07-31,0.32380010223916417
2017-08-01,0.4068964211698318
2017-08-02,0.32868867466357105
2017-08-03,0.36410555281443663
2017-08-04,0.40821693228488154
2017-08-07,0.4292103575538985
2017-08-08,0.4495534874426289
2017-08-09,0.4440136878058908
2017-08-10,0.4119242105155987
2017-08-11,0.4044143265325892
2017-08-14,0.40697008876892155
2017-08-16,0.41913547440892945
2017-08-17,0.38538054240112385
2017-08-18,0.40956859186100397
2017-08-21,0.39418225578305066
2017-08-22,0.409596980610479
2017-08-23,0.4142282054608834
2017-08-24,0.41705291668248856
2017-08-28,0.4145271014935174
2017-08-29,0.4006957170745716
2017-08-30,0.4115763365259046
2017-08-31,0.42964886751830667
2017-09-01,0.47566408889203937
2017-09-04,0.4632086477445946
2017-09-05,0.4159949043832244
2017-09-06,0.3482492014091736
2017-09-07,0.5607369170248129
2017-09-08,0.5258733050387714
2017-09-11,0.5258133565222411
2017-09-12,0.5111267512528845
2017-09-13,0.49696249846411766
2017-09-14,0.5202728131433111
2017-09-15,0.5245023795260868
2017-09-18,0.5096651989856932
2017-09-19,0.5972817839226191
2017-09-20,0.5740943829651528
2017-09-21,0.584613323539693
2017-09-22,0.6024477247204962
2017-09-25,0.5758448165507591
2017-09-26,0.5647697191003977
2017-09-27,0.5720934885038834
2017-09-28,0.5906536679880887
2017-09-29,0.6065876210194633
2017-10-03,0.5685836785706984
2017-10-04,0.5510329032068181
2017-10-05,0.5593372596858286
2017-10-06,0.5841913438948657
2017-10-09,0.6450857201242567
2017-10-10,0.6075956036184708
2017-10-11,0.6409704172715474
2017-10-12,0.525564110579369
2017-10-13,0.5311850537820735
2017-10-16,0.5335916369177883
2017-10-17,0.5315260559564283
2017-10-18,0.4537717434380117
2017-10-19,0.4770688444217464
2017-10-23,0.45559570087190754
2017-10-24,0.5022095781720052
2017-10-25,0.4991485561111128
2017-10-26,0.511221527614686
2017-10-27,0.5504419010705769
2017-10-30,0.46906437030119863
2017-10-31,0.4960688142929152
2017-11-01,0.49187383567308096
2017-11-02,0.48776373501362474
2017-11-03,0.48627041008437316
2017-11-06,0.4942071499177317
2017-11-07,0.48861955652582517
2017-11-08,0.4705299122983334
2017-11-09,0.4853727792372633
2017-11-10,0.47755062519891406
2017-11-13,0.5024750279430656
2017-11-14,0.4699146473157048
2017-11-15,0.47266814004993224
2017-11-16,0.4970392703555622
2017-11-17,0.49707358417848857
2017-11-20,0.4847272529089813
2017-11-21,0.5102850702098495
2017-11-22,0.49225153899932905
2017-11-23,0.49065769560785755
2017-11-24,0.47857135950916796
2017-11-27,0.45855372281629475
2017-11-28,0.49340872539343394
2017-11-29,0.4913239922776128
2017-11-30,0.5023654578506688
2017-12-01,0.5074129141295732
2017-12-04,0.49364693457334863
2017-12-05,0.5047926415372866
2017-12-06,0.527135895060665
2017-12-07,0.5043611574535941
2017-12-08,0.515203850264767
2017-12-11,0.5223487388879946
2017-12-12,0.5284837360494467
2017-12-13,0.5380404446981724
2017-12-14,0.4827210084458095
2017-12-15,0.4889104859258845
2017-12-18,0.4847034327901097
2017-12-19,0.4797162153411969
2017-12-20,0.4478955579789687
2017-12-21,0.4631471542419901
2017-12-22,0.43934105359552994
2017-12-26,0.4576041467715353
2017-12-27,0.47164327375640064
2017-12-28,0.46714473936841017
2017-12-29,0.48785591757778346
2018-01-01,0.48962294062802736
2018-01-02,0.49774869904602126
2018-01-03,0.5141456336371796
2018-01-04,0.5279345862972356
2018-01-05,0.5236027184369835
2018-01-08,0.5308921615394854
2018-01-09,0.5499090821611118
2018-01-10,0.5229299045793013
2018-01-11,0.5414528417080494
2018-01-12,0.5064813660807129
2018-01-15,0.41875404507602726
2018-01-16,0.5093941242336112
2018-01-17,0.5152668193104626
2018-01-18,0.521678872114493
2018-01-19,0.49859496678182846
2018-01-22,0.48567757611075457
2018-01-23,0.47518813668548743
2018-01-24,0.5238210641441862
2018-01-25,0.5257364861557906
2018-01-29,0.5313603558962657
2018-01-30,0.5198647334734281
2018-01-31,0.542097208428694
2018-02-01,0.505237508983274
2018-02-02,0.49660187612889917
2018-02-05,0.5200494030615338
2018-02-06,0.5097995023627464
2018-02-07,0.49156034564913614
2018-02-08,0.4799922356730456
2018-02-09,0.49163010842344324
2018-02-12,0.4866717612634431
2018-02-14,0.5050542971644131
2018-02-15,0.5158357899819374
2018-02-16,0.5003129989415948
2018-02-19,0.41720682883055654
2018-02-20,0.45025296545212445
2018-02-21,0.44803549787707736
2018-02-22,0.44579167224262706
2018-02-23,0.457555565635552
2018-02-26,0.4611749450819488
2018-02-27,0.4377254755892007
2018-02-28,0.4256450973890568
2018-03-01,0.4235722673372047
2018-03-05,0.47466310740964845
2018-03-06,0.5034413491420986
2018-03-07,0.48852694202227837
2018-03-08,0.5241345759958274
2018-03-09,0.5268967374794282
2018-03-12,0.5047566481450657
2018-03-13,0.5067562566523307
2018-03-14,0.5075692556627284
2018-03-15,0.4982211991836625
2018-03-16,0.5029576373089384
2018-03-19,0.5109077879525536
2018-03-20,0.5167143476475399
2018-03-21,0.49297118479439056
2018-03-22,0.4808131055062372
2018-03-23,0.4658757115661523
2018-03-26,0.48615077428990816
2018-03-27,0.47018331665261476
2018-03-28,0.4583975261766754
2018-04-02,0.4839398017499514
2018-04-03,0.4725452342446615
2018-04-04,0.48669449869092574
2018-04-05,0.47059223581775644
2018-04-06,0.46943098727661514
2018-04-09,0.5071565471191049
2018-04-10,0.4726740537001751
2018-04-11,0.5116040978848463
2018-04-12,0.49825231037206325
2018-04-13,0.4046376486928513
2018-04-16,0.4023996483111709
2018-04-17,0.3980504105647217
2018-04-18,0.4507167875355923
2018-04-19,0.4064076622712608
2018-04-20,0.47120978529700713
2018-04-23,0.5060453779119092
2018-04-24,0.48173332934612695
2018-04-25,0.5080633696308016
2018-04-26,0.4804386273907813
2018-04-27,0.463514788913835
2018-04-30,0.5416850472215949
2018-05-02,0.526299684466594
2018-05-03,0.5487087389195343
2018-05-04,0.5168930380088075
2018-05-07,0.532480681172631
2018-05-08,0.5383734628468205
2018-05-09,0.5364420279704393
2018-05-10,0.5444659441140005
2018-05-11,0.5071771919021354
2018-05-14,0.5283514154648744
2018-05-15,0.4801311451861747
2018-05-16,0.4855463238975518
2018-05-17,0.49792535471203053
2018-05-18,0.479527572948183
2018-05-21,0.4637217183825007
2018-05-22,0.47736691521614766
2018-05-23,0.4872491017188803
2018-05-24,0.45690357600581716
2018-05-25,0.4441937759551297
2018-05-28,0.4667645387491767
2018-05-29,0.5027109883895019
2018-05-30,0.46318325432393453
2018-05-31,0.4658119419493038
2018-06-01,0.4824637361556042
2018-06-04,0.4909383075050822
2018-06-05,0.46873425341771774
2018-06-06,0.4598218993280074
2018-06-07,0.4129966488722172
2018-06-08,0.36499129816583187
2018-06-11,0.3425116602239477
2018-06-12,0.3405220366255191
2018-06-13,0.3606173407939491
2018-06-14,0.3396192468170727
2018-06-15,0.3374662575717481
2018-06-18,0.4011634851311135
2018-06-19,0.5372093772199465
2018-06-20,0.4632936504380372
2018-06-21,0.42250759626742485
2018-06-22,0.5237464832981309
2018-06-25,0.5238544337335505
2018-06-26,0.5023620262533793
2018-06-27,0.5001362032026975
2018-06-28,0.4933804338024677
2018-06-29,0.4969662052401345
2018-07-02,0.4946365390977035
2018-07-03,0.4935998879627766
2018-07-04,0.49430943655376824
2018-07-05,0.4954637266363698
2018-07-06,0.5005133246457103
2018-07-09,0.5112741555013629
2018-07-10,0.5473154218633203
2018-07-11,0.5173015758728424
2018-07-12,0.43286665565170923
2018-07-13,0.41941734427989386
2018-07-16,0.43868093083073434
2018-07-17,0.408524056611917
2018-07-18,0.46023269457510374
2018-07-19,0.33666393788032956
2018-07-20,0.3444991783647843
2018-07-23,0.4379669226165409
2018-07-24,0.4539087306621356
2018-07-25,0.428412570019337
2018-07-26,0.38006637130085885
2018-07-27,0.354015089693
2018-07-30,0.32854207482874986
2018-07-31,0.3639806406229654
2018-08-01,0.3995797514242685
2018-08-02,0.48622574260304524
2018-08-03,0.44571954730232666
2018-08-06,0.4500423970913314
2018-08-07,0.4485794082873653
2018-08-08,0.4139045756228139
2018-08-09,0.4570499338744213
2018-08-10,0.49627844350947564
2018-08-13,0.487683115532376
2018-08-14,0.4604322231766232
2018-08-16,0.4659021434059688
2018-08-17,0.47852440143124225
2018-08-20,0.4726960840062834
2018-08-21,0.4457740011339492
2018-08-23,0.41111333752370544
2018-08-24,0.446888821841182
2018-08-27,0.4178284696674369
2018-08-28,0.38029307018989267
2018-08-29,0.44249475453406795
2018-08-30,0.461590952952104
2018-08-31,0.5420665844554932
2018-09-03,0.5145418435430196
2018-09-04,0.5402651947493041
2018-09-05,0.5023224479943552
2018-09-06,0.5589594805078807
2018-09-07,0.5400341082622026
2018-09-10,0.5346559243207537
2018-09-11,0.49782384435761723
2018-09-12,0.522356685007785
2018-09-14,0.5132820812095422
2018-09-17,0.4941983004590141
2018-09-18,0.48608330682602163
2018-09-19,0.503420998199385
2018-09-21,0.49479083795687323
2018-09-24,0.4799818351106642
2018-09-25,0.45266960123225375
2018-09-26,0.4790029522445327
2018-09-27,0.4865468968238224
2018-09-28,0.48193294188123226
2018-10-01,0.480098162656096
2018-10-03,0.46363507380566793
2018-10-04,0.49850790049655774
2018-10-05,0.5982708102282671
2018-10-08,0.528900371992789
2018-10-09,0.5562974070234473
2018-10-10,0.5209893085869954
2018-10-11,0.5630527789606038
2018-10-12,0.5407890282178062
2018-10-15,0.5326756390303763
2018-10-16,0.5423283892967451
2018-10-17,0.5848910007981849
2018-10-19,0.5848616298474947
2018-10-22,0.5776697228897534
2018-10-23,0.5563362769539762
2018-10-24,0.559214258988834
2018-10-25,0.5776425944349115
2018-10-26,0.525641684389812
2018-10-29,0.5454850843068758
2018-10-30,0.5594663084751033
2018-10-31,0.5252292862882273
2018-11-01,0.5199408943660437
2018-11-02,0.5506671314777991
2018-11-05,0.5103496286776146
2018-11-06,0.5477089294967037
2018-11-07,0.5441751016167184
2018-11-09,0.580336855216755
2018-11-12,0.49670206411236223
2018-11-13,0.479217563890361
2018-11-14,0.45061685324133804
2018-11-15,0.45986562917430435
2018-11-16,0.475463186560253
2018-11-19,0.4667963813935806
2018-11-20,0.48422843684113465
2018-11-21,0.4954479279324607
2018-11-22,0.5034482300087796
2018-11-26,0.4956162594070713
2018-11-27,0.5026375518402798
2018-11-28,0.5119370252997212
2018-11-29,0.5000064068655606
2018-11-30,0.5121794071269932
2018-12-03,0.5385659019600785
2018-12-04,0.5204471194034243
2018-12-05,0.5230803305934173
2018-12-06,0.47656597754714997
2018-12-07,0.4870198912869056
2018-12-10,0.49195408830459597
2018-12-11,0.481442232963963
2018-12-12,0.486626227850595
2018-12-13,0.49028330935526215
2018-12-14,0.4793634785562752
2018-12-17,0.49953022020187376
2018-12-18,0.4850554344801425
2018-12-19,0.48875760149285913
2018-12-20,0.4883647724358546
2018-12-21,0.47764545773241435
2018-12-24,0.4676002211427406
2018-12-26,0.4786166427893277
2018-12-27,0.5030739733340309
2018-12-28,0.4625722630470991
2018-12-31,0.46475934402835056
2019-01-01,0.49605004674498615
2019-01-02,0.5550029160023128
2019-01-03,0.5312371785490256
2019-01-04,0.5454477988134702
2019-01-07,0.5494205773035256
2019-01-08,0.5566198153222607
2019-01-09,0.497152196773827
2019-01-10,0.5298421779713754
2019-01-11,0.5124746434198084
2019-01-14,0.5452718643600722
2019-01-15,0.5895628249845096
2019-01-16,0.5300007284512741
2019-01-17,0.5218194324832706
2019-01-18,0.5520682333739731
2019-01-21,0.46170328099117636
2019-01-22,0.4625788644654929
2019-01-23,0.48054517965453103
2019-01-24,0.4352153093066118
2019-01-25,0.49741914264693055
2019-01-29,0.5016424265059128
2019-01-30,0.5160984350049858
2019-01-31,0.4796316531647783
2019-02-01,0.47916344338348854
2019-02-04,0.46336183492542127
2019-02-05,0.5105552480556217
2019-02-06,0.4714007666914502
2019-02-07,0.5102920858446676
2019-02-08,0.5180346052626719
2019-02-11,0.5243548182186674
2019-02-12,0.5064489765577173
2019-02-13,0.4668346554927041
2019-02-14,0.4608373702862884
2019-02-15,0.45819273545828887
2019-02-18,0.4348354327010594
2019-02-19,0.4983755683220062
2019-02-20,0.47701509790668156
2019-02-21,0.45775043591370734
2019-02-22,0.47007472741713807
2019-02-25,0.4550253373015634
2019-02-26,0.4701127469805322
2019-02-27,0.47124801212809897
2019-02-28,0.4723441267362561
2019-03-01,0.4828470342217513
2019-03-05,0.4739967437106849
2019-03-06,0.5211305800493821
2019-03-07,0.484180371670849
2019-03-08,0.49095236606256426
2019-03-11,0.5027594396733316
2019-03-12,0.4784091500485338
2019-03-13,0.4260334768594482
2019-03-14,0.46827748915538486
2019-03-15,0.5013049560850242
2019-03-18,0.535801386254391
2019-03-19,0.454180925439708
2019-03-20,0.481991330105899
2019-03-22,0.4949513345929238
2019-03-22,0.5004489150715563
2019-03-25,0.5223589074288884
2019-03-26,0.5032751229075136
2019-03-27,0.517421809012103
2019-03-28,0.5207017353358383
2019-03-29,0.5240964331444276
2019-04-01,0.4904778965316676
2019-04-02,0.5223631853303456
2019-04-03,0.5131349448289578
2019-04-04,0.4844845748100023
2019-04-05,0.5087565081837295
2019-04-08,0.4735552186409467
2019-04-09,0.4493786979866684
2019-04-10,0.4662189867178923
2019-04-11,0.45748948630573105
2019-04-12,0.4390501262309931
2019-04-15,0.4537217607907192
2019-04-16,0.4351476203648242
2019-04-18,0.5187151181984313
2019-04-22,0.47586014981512365
2019-04-23,0.5060153731488668
2019-04-24,0.5296546189029802
2019-04-25,0.49479300495517026
2019-04-26,0.5151085289571182
2019-04-30,0.5040189709029442
2019-05-02,0.4997649938575859
2019-05-03,0.5024896434789136
2019-05-06,0.47723538904994633
2019-05-07,0.5391016566244755
2019-05-08,0.5457411841834475
2019-05-09,0.5552294925672423
2019-05-10,0.5691080418084521
2019-05-13,0.5727515297521422
2019-05-14,0.6084079113173673
2019-05-15,0.6081192310782884
2019-05-16,0.5891211529485343
2019-05-17,0.6058830208849125
2019-05-20,0.5367001937439283
2019-05-21,0.5012800070784699
2019-05-22,0.5301779317262191
2019-05-23,0.4889968078188352
2019-05-24,0.5249473281227041
2019-05-27,0.5338603445773535
2019-05-28,0.5123934252421941
2019-05-29,0.5287458127332553
2019-05-30,0.5388552934905352
2019-05-31,0.5338969506924497
2019-06-03,0.47541609279777075
2019-06-04,0.45931965119673795
2019-06-06,0.49853244998794327
2019-06-07,0.5446645261977613
2019-06-10,0.543449705989207
2019-06-11,0.5011079857596554
2019-06-12,0.49879414130393407
2019-06-13,0.4796326556813359
2019-06-14,0.5291919181479607
2019-06-17,0.5268687437519397
2019-06-18,0.5407615019943272
2019-06-19,0.5552663083099907
2019-06-20,0.5585927272364137
2019-06-21,0.5360893901434604
2019-06-24,0.5303746395172566
2019-06-25,0.5479377412920532
2019-06-26,0.5634263678544729
2019-06-27,0.5322958902178442
2019-06-28,0.5214990811501489
2019-07-01,0.567316236264652
2019-07-02,0.5474836461994596
2019-07-03,0.5492496730949673
2019-07-04,0.5526206098441035
2019-07-05,0.5386029987283056
2019-07-08,0.5635202399622613
2019-07-09,0.5611856638106844
2019-07-10,0.5538511751460934
2019-07-11,0.5480342006856539
2019-07-12,0.5471440079775882
2019-07-15,0.5699065109235364
2019-07-16,0.5190629962234313
2019-07-17,0.5119843618994693
2019-07-18,0.5500058501253918
2019-07-19,0.5524681250395956
2019-07-22,0.5472320047484167
2019-07-23,0.5508937901416904
2019-07-24,0.5518516964857014
2019-07-25,0.5438376297019626
2019-07-26,0.5450802531777149
2019-07-29,0.5459676276573189
2019-07-30,0.6568414049406571
2019-07-31,0.6535474159170583
2019-08-01,0.6023045547735163
2019-08-02,0.5924942062859311
2019-08-05,0.6369689921228117
2019-08-06,0.6459363870923395
2019-08-07,0.6396233362032047
2019-08-08,0.5545425441477346
2019-08-09,0.5628428294519083
2019-08-13,0.5410492990180343
2019-08-14,0.4732795559849249
2019-08-16,0.5036626964969241
2019-08-19,0.4910080055589329
2019-08-20,0.49753590544392795
2019-08-21,0.5088766045708972
2019-08-22,0.49238643727413234
2019-08-23,0.5039913278594588
2019-08-26,0.49810253299523616
2019-08-27,0.49646546493851135
2019-08-28,0.43577908031704254
2019-08-29,0.444731162496908
2019-08-30,0.45029695751217325
2019-09-03,0.5067317447232823
2019-09-04,0.5026794591309653
2019-09-05,0.5298609729367845
2019-09-06,0.5178995918861642
2019-09-09,0.5158984066888219
2019-09-11,0.4424006254781429
2019-09-12,0.4931543518389781
2019-09-13,0.5170852641826246
2019-09-16,0.5364610739431445
2019-09-17,0.563911041713363
2019-09-18,0.5395133683343899
2019-09-19,0.5209655373361581
2019-09-20,0.5476337452257797
2019-09-23,0.46836221996846955
2019-09-24,0.5143907768054302
2019-09-25,0.5013790937308683
2019-09-26,0.4897577905309031
2019-09-27,0.49623112828770727
2019-09-30,0.4497180019306921
2019-10-01,0.5045928149731722
2019-10-03,0.4903079082074511
2019-10-04,0.49886312313136794
2019-10-07,0.46734224411542563
2019-10-09,0.4587170097725551
2019-10-10,0.4353914145921557
2019-10-11,0.44298723217141384
2019-10-14,0.4567753801017877
2019-10-15,0.4625774931995102
2019-10-16,0.45149734191165825
2019-10-17,0.4406107594844487
2019-10-18,0.40983682615432737
2019-10-22,0.42421043618486876
2019-10-23,0.5262416253015046
2019-10-24,0.5043763626354848
2019-10-25,0.5256047357913654
2019-10-27,0.5023270838920998
2019-10-29,0.4486852015648238
2019-10-30,0.4409869170301019
2019-10-31,0.4663440613975732
2019-11-01,0.49696508667977213
2019-11-04,0.4867129046679293
2019-11-05,0.5037162523934636
2019-11-06,0.5199527894637277
2019-11-07,0.4699982548092556
2019-11-08,0.5209261697096417
2019-11-11,0.4919044759797746
2019-11-13,0.5670732112192844
2019-11-14,0.5382465247375647
2019-11-15,0.5177997174571685
2019-11-18,0.5180439471462917
2019-11-19,0.5655855853881823
2019-11-20,0.4918955390002561
2019-11-21,0.521830516627076
2019-11-22,0.48267871303514825
2019-11-25,0.5054521244892431
2019-11-26,0.5046399565917458
2019-11-27,0.46511446347980484
2019-11-28,0.45444265977253706
2019-11-29,0.4893208567925645
2019-12-02,0.47604480328158577
2019-12-03,0.46767139293213006
2019-12-04,0.4775565002607045
2019-12-05,0.48413502367178446
2019-12-06,0.5027177306773829
2019-12-09,0.45790372575700145
2019-12-10,0.5070431895016291
2019-12-11,0.5242702630327277
2019-12-12,0.5401226570503724
2019-12-13,0.4608093974085797
2019-12-16,0.4220829029838425
2019-12-17,0.46103004377749157
2019-12-18,0.46297975049433326
2019-12-19,0.5067872304438883
2019-12-20,0.5031081746068617
2019-12-23,0.4833177565779115
2019-12-24,0.49892913330728095
2019-12-26,0.554460675315104
2019-12-27,0.5174932920666027
2019-12-30,0.4908859938730293
2019-12-31,0.5221312309198904
2020-01-01,0.5588035675799838
2020-01-02,0.4529945842255712
2020-01-03,0.47183826513590976
2020-01-06,0.5452916861417086
2020-01-07,0.5175938368473184
2020-01-08,0.5104824472404069
2020-01-09,0.4838638866629652
2020-01-10,0.4903381199397089
2020-01-13,0.4803352953242892
2020-01-14,0.5060695968820292
2020-01-15,0.5320730221270084
2020-01-16,0.5071548117875985
2020-01-17,0.5847740896977912
2020-01-20,0.48358232916400234
2020-01-21,0.493734649611677
2020-01-22,0.49665647306373756
2020-01-23,0.5237068600779156
2020-01-24,0.5376648051120936
2020-01-27,0.5520139776097271
2020-01-28,0.5488563752695147
2020-01-29,0.5416683910653124
2020-01-30,0.5823518516334377
2020-01-31,0.6970853388626608
2020-02-01,0.6666684313991855
2020-02-03,0.6330412729681345
2020-02-04,0.630016029763811
2020-02-05,0.6119981734202017
2020-02-06,0.5597109293652429
2020-02-07,0.6431531636048143
2020-02-10,0.6151772584705296
2020-02-11,0.566009927951439
2020-02-12,0.5420859646584975
2020-02-13,0.5479484031433528
2020-02-14,0.5299816130082072
2020-02-17,0.5415612898496027
2020-02-18,0.5525709349235443
2020-02-19,0.5340805171010228
2020-02-20,0.5246999147234248
2020-02-24,0.5654976263250155
2020-02-25,0.5809430052400497
2020-02-26,0.5846055100509256
2020-02-27,0.6690623130188339
2020-02-28,0.6666755865434209
2020-03-02,0.6839380865108254
2020-03-03,0.611179078148746
2020-03-04,0.6361836739501314
2020-03-05,0.6813638193272944
2020-03-06,0.6727969233006231
2020-03-09,0.6417235584942697
2020-03-11,0.5885320767990129
2020-03-12,0.639250196552787
2020-03-13,0.5770111202553376
2020-03-16,0.6268804084904089
2020-03-17,0.5801313448316868
2020-03-18,0.6392996568431324
2020-03-19,0.6355993776777091
2020-03-20,0.568395302012259
2020-03-23,0.6074266471240757
2020-03-24,0.5541413165848833
2020-03-25,0.5566718577732935
2020-03-26,0.5846284581341694
2020-03-27,0.5821180206331688
2020-03-30,0.607119617383179
2020-03-31,0.5601038266052712
2020-04-01,0.5880350305698716
2020-04-03,0.5839156161123584
2020-04-07,0.538818318495805
2020-04-08,0.5428481909878481
2020-04-09,0.5198804792215754
2020-04-15,0.5503731115924245
2020-04-16,0.4782996527935762
2020-04-17,0.4778867371230574
2020-04-20,0.4788903347917266
2020-04-21,0.4937467712190855
2020-04-22,0.49359206683984475
2020-04-23,0.475781447351861
2020-04-24,0.48519309104168673
2020-04-27,0.42853621158345373
2020-04-28,0.4167107227521728
2020-04-29,0.43605625740011505
2020-04-30,0.44226285311354807
2020-05-04,0.43369333621116996
2020-05-05,0.4236239238313402
2020-05-06,0.4127842722993758
2020-05-07,0.36701845193153876
2020-05-08,0.3700527632172716
2020-05-11,0.41240910543878256
2020-05-12,0.4558841462614019
2020-05-13,0.4569586170684889
2020-05-14,0.5173600319392413
2020-05-15,0.5024992815605078
2020-05-18,0.4776067058693225
2020-05-19,0.5070371697254131
2020-05-20,0.48690375458835444
2020-05-21,0.5038326619853608
2020-05-22,0.5331215212191338
2020-05-26,0.5478720858136704
2020-05-27,0.512768097220043
2020-05-28,0.5232592560368379
2020-05-29,0.5144602181554735
2020-06-01,0.5311196849911013
2020-06-02,0.5280848732191573
2020-06-03,0.502775498583675
2020-06-04,0.4448960554682675
2020-06-05,0.4593285686133596
2020-06-08,0.4599639999080246
2020-06-09,0.4990840211569318
2020-06-10,0.4599256905596706
2020-06-11,0.5045916310679889
2020-06-12,0.5020104795624438
2020-06-15,0.4158845381158712
2020-06-16,0.45265437751634874
2020-06-17,0.48975737775016853
2020-06-18,0.38621925248083194
2020-06-19,0.45488731001113347
2020-06-22,0.4137457983281975
2020-06-23,0.42250819340613854
2020-06-24,0.4024033878021898
2020-06-25,0.444357393808001
2020-06-26,0.40418574623874876
2020-06-29,0.4531802465693776
2020-06-30,0.44044853013016233
2020-07-01,0.4187081009179923
2020-07-02,0.43212551726891896
2020-07-03,0.37946860197413484
2020-07-06,0.3546387434077477
2020-07-07,0.4100697747999682
2020-07-08,0.4354224891774398
2020-07-09,0.4137234121764727
2020-07-10,0.3712618199499685
2020-07-13,0.3589170127314559
2020-07-14,0.38751152682497925
2020-07-15,0.49476272566120866
2020-07-16,0.4670710367511908
2020-07-17,0.4396225293154484
2020-07-20,0.4640849912221048
2020-07-21,0.37202106636565935
2020-07-22,0.35907689698645
2020-07-23,0.35211685596903053
2020-07-24,0.40021157996610773
2020-07-27,0.3989313464568416
2020-07-28,0.39568938158479094
2020-07-29,0.41907630157912046
2020-07-30,0.40223776765902686
2020-07-31,0.4360530569651445
2020-08-03,0.48158650796181596
2020-08-04,0.47959467633618574
2020-08-05,0.46434277995965006
2020-08-06,0.46094137114789807
2020-08-07,0.4571308596864313
2020-08-10,0.46519839031042864
2020-08-11,0.45679191441591815
2020-08-12,0.46362272385154296
2020-08-13,0.46801765954815705
2020-08-14,0.45485123176086273
2020-08-17,0.44887675721089787
2020-08-18,0.409639509995544
2020-08-19,0.4028462562399163
2020-08-20,0.4289504833923599
2020-08-21,0.4265262222840078
2020-08-24,0.43541861606605153
2020-08-25,0.4701572132607718
2020-08-26,0.5413231324599889
2020-08-27,0.47378882836132674
2020-08-28,0.4653222835846192
2020-08-31,0.5208697532445629
2020-09-01,0.4781790269888014
2020-09-02,0.4939483467114646
2020-09-03,0.47536213415160344
2020-09-04,0.4669612524690025
2020-09-07,0.48036752407411815
2020-09-08,0.4549327201090867
2020-09-09,0.5705561000026546
2020-09-10,0.5206750447574614
2020-09-11,0.4174774524584358
2020-09-14,0.4222948187458537
2020-09-15,0.4081943171154535
2020-09-16,0.3966702113764384
2020-09-17,0.4633433528329678
2020-09-18,0.4455901363122288
2020-09-21,0.46524068528543816
2020-09-22,0.4522493052879599
2020-09-23,0.45849167104901806
2020-09-24,0.48760766281625034
2020-09-25,0.45995675633178934
2020-09-28,0.47893527899504873
2020-09-29,0.47933623438998324
2020-09-30,0.46663612111275254
2020-10-01,0.46613545710110715
2020-10-05,0.46396224718290235
2020-10-06,0.473614429864347
2020-10-07,0.5217264305213104
2020-10-08,0.4691793130689506
2020-10-09,0.4752233542794292
2020-10-12,0.47063060812605584
2020-10-13,0.5065100950961943
2020-10-14,0.4691748655474184
2020-10-15,0.5262768567212367
2020-10-16,0.5306305953686934
2020-10-19,0.5214352486852414
2020-10-20,0.5620404039587704
2020-10-21,0.5459741977518702
2020-10-22,0.5707860822429108
2020-10-23,0.5197132941531762
2020-10-26,0.6204003592415546
2020-10-27,0.5872863882274548
2020-10-28,0.6513254245972007
2020-10-29,0.6025230047393079
2020-10-30,0.5978486774810273
2020-11-02,0.6213406655533595
2020-11-03,0.6279221102318595
2020-11-04,0.5603328059235028
2020-11-05,0.5580038524640125
2020-11-06,0.530167270791782
2020-11-09,0.5178010993931333
2020-11-10,0.49688182623714644
2020-11-11,0.5668139474893136
2020-11-12,0.5929837026916412
2020-11-13,0.5221394471542734
2020-11-14,0.5558922737709472
2020-11-17,0.6229716791542743
2020-11-18,0.6144822123440018
2020-11-19,0.614262397729362
2020-11-20,0.6481664882968544
2020-11-23,0.5856043541963548
2020-11-24,0.5863931223330616
2020-11-25,0.5990900852585698
2020-11-26,0.6021702066871015
2020-11-27,0.6273997586351459
2020-12-01,0.5774891169510757
2020-12-02,0.575597328779777
2020-12-03,0.5612481793042364
2020-12-04,0.6192012465275208
2020-12-07,0.5337964876482268
2020-12-08,0.5517752251144633
2020-12-09,0.46769992902004476
2020-12-10,0.5097062764451213
2020-12-11,0.5071285439438888
2020-12-14,0.4976561940308236
2020-12-15,0.5041238964414324
2020-12-16,0.5061556470400853
2020-12-17,0.4642823624445013
2020-12-18,0.46740917280339345
2020-12-21,0.5452175055778703
2020-12-22,0.5721253937036647
2020-12-23,0.5525539687848408
2020-12-24,0.5074264635605291
2020-12-28,0.49405974623459875
2020-12-29,0.46337349562525076
2020-12-30,0.4707392019956693
2020-12-31,0.4736202111949803
2021-01-01,0.4115950897293946
2021-01-04,0.4278122055710878
2021-01-05,0.47560633360208937
2021-01-06,0.5015745781823726
2021-01-07,0.4975095660226601
2021-01-08,0.5284395186012195
2021-01-11,0.5192342285917759
2021-01-12,0.4803867764015295
2021-01-13,0.5130283675968248
2021-01-14,0.4585244233960038
2021-01-15,0.5047678892850357
2021-01-18,0.48089643487871797
2021-01-19,0.46891434729341236
2021-01-20,0.4592595416553753
2021-01-21,0.4343103724480177
2021-01-22,0.44175608058521193
2021-01-25,0.45488226647669006
2021-01-27,0.48434557213729335
2021-01-28,0.5263859690583123
2021-01-29,0.5241239114427042
2021-02-01,0.5169030665085063
2021-02-02,0.4628839722175498
2021-02-03,0.4853816921194675
2021-02-04,0.5035560022589055
2021-02-05,0.5160870568374667
2021-02-08,0.45981735181719396
2021-02-09,0.4654652757272576
2021-02-10,0.4616153992935626
2021-02-11,0.5400240103525441
2021-02-12,0.47074993988558284
2021-02-15,0.4551767639447643
2021-02-16,0.43965106054069764
2021-02-17,0.4397180186827297
2021-02-18,0.4641572157346829
2021-02-19,0.4536733936191782
2021-02-22,0.44372197727175244
2021-02-23,0.4106979409697813
2021-02-24,0.42657809324298895
2021-02-25,0.49379601264340695
2021-02-26,0.46360148635931137
2021-03-01,0.4516085752044427
2021-03-02,0.4589182293327249
2021-03-03,0.46496036213080116
2021-03-04,0.4559557231252656
2021-03-05,0.42481272699319494
2021-03-08,0.43318329363855695
2021-03-09,0.444312847722058
2021-03-10,0.4385839164194327
2021-03-12,0.4350679362595792
2021-03-15,0.44592800177024733
2021-03-16,0.468277434880155
2021-03-17,0.4795288175424987
2021-03-18,0.49043429663308047
2021-03-19,0.4792179710987561
2021-03-22,0.4869048829848227
2021-03-23,0.44755613226659885
2021-03-24,0.4860041876479709
2021-03-25,0.508411670799241
2021-03-26,0.48573622734541355
2021-03-30,0.4523438177214168
2021-03-31,0.5055914970969704
2021-04-01,0.46210668815139844
2021-04-05,0.46891848191904356
2021-04-06,0.5527522895725403
2021-04-07,0.524434125522156
2021-04-08,0.49098814524205314
2021-04-09,0.5752963570648707
2021-04-12,0.583434488101825
2021-04-13,0.5182560870608146
2021-04-15,0.5291746342039381
2021-04-16,0.5670094222180845
2021-04-19,0.6264058599797336
2021-04-20,0.5731140164759615
2021-04-22,0.5324782689139101
2021-04-23,0.553767375928483
2021-04-26,0.5706569094880922
2021-04-27,0.517436604290863
2021-04-28,0.508359748493494
2021-04-29,0.4518152603559643
2021-04-30,0.47726959410977193
2021-05-03,0.499306428996822
2021-05-04,0.5353938944154557
2021-05-05,0.5789424557913179
2021-05-06,0.5594992825920572
2021-05-07,0.5573124865712498
2021-05-10,0.5946893094124743
2021-05-11,0.5488550755643175
2021-05-12,0.6186795701426696
2021-05-14,0.5348625942779415
2021-05-17,0.4708830465588856
2021-05-18,0.4682816392331566
2021-05-19,0.44851266858096134
2021-05-20,0.48320000854891504
2021-05-21,0.47644191783525336
2021-05-24,0.4833355046570597
2021-05-25,0.4726204437404977
2021-05-26,0.4717213728344888
2021-05-27,0.49520386704706404
2021-05-28,0.4897445301594883
2021-05-31,0.37252379928578266
2021-06-01,0.40293445115517895
2021-06-02,0.35593404908492104
2021-06-03,0.3659183274835664
2021-06-04,0.388087273166029
2021-06-07,0.33924128058804753
2021-06-08,0.374943299202005
2021-06-09,0.4322562854355394
2021-06-10,0.41907188266088063
2021-06-11,0.4451583651431232
2021-06-14,0.4100225315198808
2021-06-15,0.4523584074690211
2021-06-16,0.45723007378471625
2021-06-17,0.43069123150232297
2021-06-18,0.4433872749193413
2021-06-21,0.43099174861833506
2021-06-22,0.42843176360281715
2021-06-23,0.4234966192771286
2021-06-24,0.48568884520791566
2021-06-25,0.4848576079018635
2021-06-28,0.4761928547465587
2021-06-29,0.4734054753678245
2021-06-30,0.44714256675711683
2021-07-01,0.45184326829524396
2021-07-02,0.40289066078929237
2021-07-05,0.41272785892617214
2021-07-06,0.4227752885747815
2021-07-07,0.41814940142971385
2021-07-08,0.4353909165322016
2021-07-09,0.46710579178386336
2021-07-12,0.4620537413129716
2021-07-13,0.44790739948158914
2021-07-14,0.4714191995625723
2021-07-15,0.4729205464561026
2021-07-16,0.4210152439637564
2021-07-19,0.4765110096167326
2021-07-20,0.4657384600483701
2021-07-22,0.390308234453481
2021-07-23,0.4024660569682066
2021-07-26,0.47402811255591537
2021-07-27,0.4904941620190188
2021-07-28,0.49020093851689966
2021-07-29,0.4706413623407039
2021-07-30,0.5708249991027023
2021-08-02,0.4777120737477329
2021-08-03,0.3934199657240306
2021-08-04,0.389196930439772
2021-08-05,0.4078969775005104
2021-08-06,0.40621313803336606
2021-08-09,0.42759219060463977
2021-08-10,0.38749451995881246
2021-08-11,0.42636350919193605
2021-08-12,0.42077304347917716
2021-08-13,0.426103725801668
2021-08-16,0.41837116159597354
2021-08-17,0.41831490862873266
2021-08-18,0.41303872903466887
2021-08-20,0.4153834893630915
2021-08-23,0.4035959238347754
2021-08-24,0.4026141108124992
2021-08-25,0.3993415808193447
2021-08-26,0.4072076597017727
2021-08-27,0.43614844964627497
2021-08-30,0.40817016942563605
2021-08-31,0.44459309106286665
2021-09-01,0.4267760982354119
2021-09-02,0.39853612883900474
2021-09-03,0.38962055468429574
2021-09-06,0.309993219341937
2021-09-07,0.34700743874723117
2021-09-08,0.3598165103564672
2021-09-09,0.34157512275254553
2021-09-13,0.43365794104855687
2021-09-14,0.41810515230870443
2021-09-15,0.4124848235359865
2021-09-16,0.38503123028710523
2021-09-17,0.4356430526108311
2021-09-20,0.42163091732271457
2021-09-21,0.4243122331525581
2021-09-22,0.4040220296994863
2021-09-23,0.366366120518964
2021-09-24,0.4219423590775996
2021-09-27,0.3856569077030722
2021-09-28,0.36452297380173726
2021-09-29,0.4141724624620035
2021-09-30,0.4181145740885668
2021-10-01,0.43591864649952766
2021-10-04,0.3732527099952837
2021-10-05,0.365261516315044
2021-10-06,0.4418195897462073
2021-10-07,0.4242987954971955
2021-10-08,0.3872843608311607
2021-10-11,0.4006838124066248
2021-10-12,0.3928936111406079
2021-10-13,0.35221283159004085
2021-10-14,0.391194951817203
2021-10-18,0.3712599433625471
2021-10-19,0.37409927536203974
2021-10-20,0.4097590970617512
2021-10-21,0.4126925450570767
2021-10-22,0.40968872983358195
2021-10-25,0.4375327095648515
2021-10-26,0.4213223014316239
2021-10-27,0.4169121345185314
2021-10-28,0.44452298480389063
2021-10-29,0.46132917828054604
2021-11-01,0.4481023655818014
2021-11-02,0.48134972860745534
2021-11-03,0.46470617254159113
2021-11-04,0.46033117959372666
2021-11-08,0.46753440376519784
2021-11-09,0.4198284758152034
2021-11-10,0.41620277091721436
2021-11-11,0.4025636841799707
2021-11-12,0.39938947939950714
2021-11-15,0.407675404217799
2021-11-16,0.4446623144377505
2021-11-17,0.4363221566245193
2021-11-18,0.4401908711454749
2021-11-22,0.5279370983583017
2021-11-23,0.4631084294852651
2021-11-24,0.5125708493584604
2021-11-25,0.4558740956151785
2021-11-26,0.49389934543249725
2021-11-29,0.42381741505868287
2021-11-30,0.49911139461008847
2021-12-01,0.41038792462326185
2021-12-02,0.40158824903619517
2021-12-03,0.47710547799746184
2021-12-06,0.5025604540301912
2021-12-07,0.4657074964410724
2021-12-08,0.43123625710557417
2021-12-09,0.4292529221977543
2021-12-10,0.439400177214533
2021-12-13,0.5094798932940932
2021-12-14,0.5372608367425684
2021-12-15,0.5156521253490413
2021-12-16,0.4646341153839113
2021-12-17,0.5641973251285958
2021-12-20,0.5432119445224504
2021-12-21,0.49397880386163623
2021-12-22,0.4661170293454838
2021-12-23,0.45600267600849537
2021-12-24,0.4514490786752677
2021-12-27,0.4547966508862345
2021-12-28,0.4276273802542618
2021-12-29,0.45686147186268194
2021-12-30,0.5118268792282586
2021-12-31,0.4448390307854535
2022-01-03,0.4993668064805059
2022-01-04,0.5409885008782505
2022-01-05,0.4865655463510645
2022-01-06,0.49524962832017183
2022-01-07,0.5069046305286091
2022-01-10,0.513015126597579
2022-01-11,0.5192302550433378
2022-01-12,0.5274296330034685
2022-01-13,0.5096536154859886
2022-01-14,0.5178774515711488
2022-01-17,0.5462442756414364
2022-01-18,0.544190489958968
2022-01-19,0.5315594150238576
2022-01-20,0.515813306791088
2022-01-21,0.49915366684649465
2022-01-24,0.5533804089648672
2022-01-25,0.5674947477730791
2022-01-27,0.5958741419783354
2022-01-28,0.603733137112891
2022-01-31,0.5315510504186787
2022-02-01,0.5540884673865499
2022-02-02,0.5356323694299541
2022-02-03,0.6325960014904071
2022-02-04,0.6346219002967001
2022-02-07,0.6180315356504724
2022-02-08,0.5518326626793155
2022-02-09,0.4908867474691549
2022-02-10,0.49474425705380004
2022-02-11,0.5238884204772021
2022-02-14,0.6104931686127738
2022-02-15,0.540549602179004
2022-02-16,0.49413907884472574
2022-02-17,0.4981535431416821
2022-02-18,0.5066903974860446
2022-02-21,0.4865821583315499
2022-02-22,0.4803909731122754
2022-02-23,0.5210745020870485
2022-02-24,0.5479399761156403
2022-02-25,0.5464859662727787
2022-02-28,0.5265957768669639
2022-03-02,0.4952900408339588
2022-03-03,0.48685567449134975
2022-03-04,0.5303714610616824
2022-03-07,0.6354284806304034
2022-03-08,0.60612300105608
2022-03-09,0.49942128282409753
2022-03-10,0.5021578848282671
2022-03-11,0.5058844806418809
2022-03-14,0.5098068755864928
2022-03-15,0.47710511575093895
2022-03-16,0.5125708564809442
2022-03-17,0.521444107577702
2022-03-21,0.5297371837641233
2022-03-22,0.516374564924918
2022-03-23,0.5268224103117827
2022-03-24,0.5000703624082345
2022-03-25,0.4815761627158787
2022-03-28,0.5071551892646867
2022-03-29,0.5013148869708652
2022-03-30,0.47478912370672804
2022-03-31,0.5063179751500022
2022-04-01,0.49165234088403736
2022-04-04,0.49177078815703473
2022-04-05,0.4955959255984797
2022-04-06,0.5055565028652024
2022-04-07,0.4984514077984798
2022-04-08,0.508830920262248
2022-04-11,0.508590429778124
2022-04-12,0.4711120609642317
2022-04-13,0.4931738084479912
2022-04-18,0.4999409846266417
2022-04-19,0.5702636249965195
2022-04-20,0.5279127819669674
2022-04-21,0.5088960793542806
2022-04-22,0.5219007283134492
2022-04-25,0.5057596601283721
2022-04-26,0.5213937693075944
2022-04-27,0.5187290237748559
2022-04-28,0.5140536913868826
2022-04-29,0.5242026737967379
2022-05-02,0.517651281127404
2022-05-04,0.5061385489846258
2022-05-05,0.4982185408307248
2022-05-06,0.5052549415864432
2022-05-09,0.5655630394724678
2022-05-10,0.5824841720941236
2022-05-11,0.5748885626409205
2022-05-12,0.6574302471340846
2022-05-13,0.5613499173614585
2022-05-16,0.595674370675751
2022-05-17,0.5322086883959707
2022-05-18,0.5178263732747077
2022-05-19,0.6406644209054847
2022-05-20,0.5034880109926195
2022-05-23,0.48520240311733176
2022-05-24,0.46670653058615036
2022-05-25,0.4669392427181219
2022-05-26,0.4502621122016081
2022-05-27,0.45502773826217546
2022-05-30,0.5059772430901115
2022-05-31,0.5194671864145992
2022-06-01,0.49996082774684747
2022-06-02,0.5341183526298823
2022-06-03,0.48859739265275154
2022-06-06,0.5138270450271306
2022-06-07,0.5021794606109259
2022-06-08,0.5257778792539881
2022-06-09,0.49209501069228034
2022-06-10,0.5240414063395004
2022-06-13,0.4838468326827884
2022-06-14,0.520864310151675
2022-06-15,0.5101881191540946
2022-06-16,0.5647174329621371
2022-06-17,0.49744268322921814
2022-06-20,0.5991128322526141
2022-06-21,0.49884080169899275
2022-06-22,0.5708760841691201
2022-06-23,0.6632569265516448
2022-06-24,0.5914014663723162
2022-06-27,0.5925094950116891
2022-06-28,0.5125902950076787
2022-06-29,0.45365050605506874
2022-06-30,0.46300777840252255
2022-07-01,0.6104588085519659
2022-07-04,0.5590853108417969
2022-07-05,0.5720241708186696
2022-07-06,0.6297377306975969
2022-07-07,0.6148002461382893
2022-07-08,0.5701631356896988
2022-07-11,0.5677795218573489
2022-07-12,0.5793706304908848
2022-07-13,0.633712690329946
2022-07-14,0.5699396992750358
2022-07-15,0.5278249489563158
2022-07-18,0.5353217250983048
2022-07-19,0.4810737227934127
2022-07-20,0.473125810127473
2022-07-21,0.48639744973435295
2022-07-22,0.47193935504052925
2022-07-25,0.584193085338978
2022-07-26,0.5302417367648599
2022-07-27,0.521236207323631
2022-07-28,0.47851367397373196
2022-07-29,0.4947294114729864
2022-08-01,0.5025792506899447
2022-08-02,0.497340706759719
2022-08-03,0.49158264220646697
2022-08-04,0.5122616447816409
2022-08-05,0.5023529777510426
2022-08-08,0.5139026691793152
2022-08-10,0.5035826526759447
2022-08-11,0.5151341325707686
2022-08-12,0.5110393114204427
2022-08-16,0.5362033803039532
2022-08-17,0.5065022449414698
2022-08-18,0.5070309571895486
2022-08-19,0.5060581052794074
2022-08-22,0.5061938771364858
2022-08-23,0.5080165451685429
2022-08-24,0.5043373236999331
2022-08-25,0.5104442463159761
2022-08-26,0.48763388310304806
2022-08-29,0.4895487322838402
2022-08-30,0.4974590967627456
2022-09-01,0.515205563217307
2022-09-02,0.5534645067394444
2022-09-05,0.473975734568681
2022-09-06,0.4585173458601549
2022-09-07,0.4761520115301522
2022-09-08,0.4626101652408652
2022-09-09,0.4654620838469433
2022-09-12,0.4651640897977229
2022-09-13,0.45629347419831695
2022-09-14,0.46116703826494587
2022-09-15,0.4884422049443138
2022-09-16,0.524425914767562
2022-09-19,0.5541518454962343
2022-09-20,0.5350081312319349
2022-09-21,0.5462314169470981
2022-09-22,0.6070347639119202
2022-09-23,0.6188684747313377
2022-09-26,0.6524888921358172
2022-09-27,0.6005502817212474
2022-09-28,0.6056377315937559
2022-09-29,0.5801214352529229
2022-09-30,0.5899950328193422
2022-10-03,0.5920501620554849
2022-10-04,0.5810688461676145
2022-10-06,0.5655840174707669
2022-10-07,0.5139390828741798
2022-10-10,0.6202040260891384
2022-10-11,0.6335129993619749
2022-10-12,0.5597028692648719
2022-10-13,0.5683942465959785
2022-10-14,0.600330064325848
2022-10-17,0.5453269858691594
2022-10-18,0.4862583852402672
2022-10-19,0.49156015803582176
2022-10-20,0.5042934843443428
2022-10-21,0.49436251464356484
2022-10-24,0.5059482546074908
2022-10-25,0.5074066146018851
2022-10-27,0.4855261684670075
2022-10-28,0.5263810273203214
2022-10-31,0.5047598402728549
2022-11-01,0.5036254694087875
2022-11-02,0.5176740704258266
2022-11-03,0.5131578294191085
2022-11-04,0.5277508772356102
2022-11-07,0.5394430558044465
2022-11-09,0.5388802780174392
2022-11-10,0.5437277201678321
2022-11-11,0.5578027999217832
2022-11-14,0.5291665263938697
2022-11-15,0.5208276308322818
2022-11-16,0.503131110564328
2022-11-17,0.5191331089666965
2022-11-18,0.5241404485791898
2022-11-21,0.48405567924840964
2022-11-22,0.4774467670863664
2022-11-23,0.4628995313695622
2022-11-24,0.46044609220974364
2022-11-25,0.4979145205272836
2022-11-28,0.5973861053471408
2022-11-29,0.5365825356896287
2022-11-30,0.5383265101058993
2022-12-01,0.5247307780862319
2022-12-02,0.514773765546341
2022-12-05,0.5033697293187596
2022-12-06,0.5142003403724232
2022-12-07,0.48312734352429115
2022-12-08,0.48845038698583226
2022-12-09,0.4948242680669111
2022-12-12,0.47610977903301716
2022-12-13,0.4665658915192554
2022-12-14,0.4737083017732554
2022-12-15,0.5326319979826916
2022-12-16,0.5610513181633491
2022-12-19,0.5149881039413063
2022-12-20,0.46209525553323305
2022-12-21,0.4892644300355718
2022-12-22,0.5023327108692778
2022-12-23,0.5607223434884393
2022-12-26,0.5310873291402677
2022-12-27,0.5488295037336289
2022-12-28,0.5404634831506512
2022-12-29,0.5779076628410962
2022-12-30,0.5455698557565091
2023-01-02,0.4872957041500201
2023-01-03,0.5314669664823758
2023-01-04,0.6570450112881457
2023-01-05,0.6334368387760299
2023-01-06,0.533685831830584
2023-01-09,0.5331793310146707
2023-01-10,0.5018454688322371
2023-01-11,0.5471199243667082
2023-01-12,0.6778199568067989
2023-01-13,0.6472129255555356
2023-01-16,0.6273030273240656
2023-01-17,0.5680184513098779
2023-01-18,0.6265441462133853
2023-01-19,0.5963244324932717
2023-01-20,0.6663742540308032
2023-01-23,0.6158447946408482
2023-01-24,0.6596118195246281
2023-01-25,0.6808026890781402
2023-01-27,0.7225059200507492
2023-01-30,0.6347929628891111
2023-01-31,0.6709531685092476
2023-02-01,0.6824205560798663
2023-02-02,0.6815680995769675
2023-02-03,0.6662438822658818
2023-02-06,0.6846120194701989
2023-02-07,0.6172839618768063
2023-02-08,0.6440673180508718
2023-02-09,0.6080101099077446
2023-02-10,0.6529811792143329
2023-02-13,0.6450352241054472
2023-02-14,0.595736395264204
2023-02-15,0.5925106490788563
2023-02-16,0.523118291448179
2023-02-17,0.5276670301534904
2023-02-20,0.5222568211044046
2023-02-21,0.5124580321669789
2023-02-22,0.5384112073257571
2023-02-23,0.5493646577694401
2023-02-24,0.5274349603522263
2023-02-27,0.5435272026170515
2023-02-28,0.620576032404651
2023-03-01,0.6099746030881001
2023-03-02,0.6504327381193391
2023-03-03,0.5347874306554744
2023-03-06,0.5205668094315948
2023-03-08,0.5153538225580195
2023-03-09,0.5367272277459082
2023-03-10,0.5742372833525966
2023-03-13,0.6777925864894483
2023-03-14,0.6870610470901299
2023-03-15,0.7175846846457657
2023-03-16,0.6640571668826039
2023-03-17,0.6655148508343355
2023-03-20,0.6678257460790256
2023-03-21,0.6215678340234786
2023-03-22,0.5817852060043402
2023-03-23,0.6798038273807111
2023-03-24,0.6611185326027154
2023-03-27,0.6128372245092832
2023-03-28,0.6107159119211273
2023-03-29,0.6545266945373975
2023-03-31,0.548741213179354
2023-04-03,0.5165092193857923
2023-04-05,0.5009873262267442
2023-04-06,0.506967830068791
2023-04-10,0.5217856668685582
2023-04-11,0.5221198251957098
2023-04-12,0.5272899900385893
2023-04-13,0.5277204222184628
2023-04-17,0.5100284997948811
2023-04-18,0.5218212625374599
2023-04-19,0.43250242975327174
2023-04-20,0.4437975858915145
2023-04-21,0.4414560145268552
2023-04-24,0.4394094927861313
2023-04-25,0.4536808431983019
2023-04-26,0.441773174953146
2023-04-27,0.4869420000627687
2023-04-28,0.49889854506963505
2023-05-02,0.5067436804836618
2023-05-03,0.513061955943149
2023-05-04,0.5294511900958496
2023-05-05,0.5322887708236335
2023-05-08,0.5456502770157684
2023-05-09,0.5536911365271341
2023-05-10,0.5074499371984355
2023-05-11,0.5440936552385202
2023-05-12,0.5501222995507495
2023-05-15,0.5442214751455878
2023-05-16,0.5417871947812487
2023-05-17,0.5305258264895735
2023-05-18,0.5189873355427395
2023-05-19,0.5260441505200756
2023-05-22,0.5146312073717793
2023-05-23,0.5143843576761503
2023-05-24,0.4916278599089767
2023-05-25,0.49579061463334234
2023-05-26,0.5790517555973643
2023-05-29,0.5366769694385056
2023-05-30,0.534047722728781
2023-05-31,0.5513085890033605
2023-06-01,0.5212798866071839
2023-06-02,0.5164952688647362
2023-06-05,0.5197281826366877
2023-06-06,0.5198656277498773
2023-06-07,0.515765925826305
2023-06-08,0.5174102406824401
2023-06-09,0.5095078137808765
2023-06-12,0.5144302152920864
2023-06-13,0.5475180997448255
2023-06-14,0.5076449225560216
2023-06-15,0.5044724986273018
2023-06-16,0.5066070470494399
2023-06-19,0.5257078678015744
2023-06-20,0.5210339077288837
2023-06-21,0.5271068952014797
2023-06-22,0.516869519127314
2023-06-23,0.518714150891148
2023-06-26,0.5308039842567446
2023-06-27,0.5296603082415352
2023-06-28,0.5213938569279655
2023-06-30,0.5315870579057335
2023-07-03,0.567140361278426
2023-07-04,0.5302728364147747
2023-07-05,0.5164521354028129
2023-07-06,0.5328969612931722
2023-07-07,0.5342916794757593
2023-07-10,0.5351984167094259
2023-07-11,0.29795620402064826
2023-07-12,0.2820301950200864
2023-07-13,0.31111476044270947
2023-07-14,0.2788535664085457
2023-07-17,0.23380344792063207
2023-07-18,0.22629079180750553
2023-07-19,0.22670639303443793
2023-07-20,0.24505449853304753
2023-07-21,0.3307293304541848
2023-07-24,0.3614232227024651
2023-07-25,0.36782428084797747
2023-07-26,0.41337308494019664
2023-07-27,0.5708716797148643
2023-07-28,0.5888649816475315
2023-07-31,0.5161277916559935
2023-08-01,0.7005921142026775
2023-08-02,0.7022860993616022
2023-08-03,0.6564703041696263
2023-08-04,0.6033017144069911
2023-08-07,0.5020196612224039
2023-08-08,0.5778858663819967
2023-08-09,0.4987543057408926
2023-08-10,0.48965227243225135
2023-08-11,0.465973813817459
2023-08-14,0.41937696066685803
2023-08-16,0.43331873087759976
2023-08-17,0.45049175863676966
2023-08-18,0.47469067011073074
2023-08-21,0.511531844736683
2023-08-22,0.5203922849944421
2023-08-23,0.5196768168467018
2023-08-24,0.5989723769586593
2023-08-25,0.6459679366424221
2023-08-28,0.6342958037458327
2023-08-29,0.666529320408117
2023-08-30,0.6041745983677081
2023-08-31,0.6771983149893818
2023-09-01,0.605795168249956
2023-09-04,0.6236141979832838
2023-09-05,0.5833579739494493
2023-09-06,0.5865986449185098
2023-09-07,0.6234603021860258
2023-09-08,0.6191286093990175
2023-09-11,0.47974113098467425
2023-09-12,0.6544029367504538
2023-09-13,0.521138707088627
2023-09-14,0.5315379071197892
2023-09-15,0.5669579304928956
2023-09-18,0.6411549452553754
2023-09-20,0.6697908513530084
2023-09-21,0.6120635667391457
2023-09-22,0.6390390011434832
2023-09-25,0.6311436133686315
2023-09-26,0.5993397453252918
2023-09-27,0.6329307290664147
2023-09-28,0.6860857212401085
2023-09-29,0.6046315478623832
2023-10-03,0.6659992801086928
2023-10-04,0.6617755168259616
2023-10-05,0.6226813033727359
2023-10-06,0.5864407936673218
2023-10-09,0.6785722324228006
2023-10-10,0.6086136859123975
2023-10-11,0.6370482639492339
2023-10-12,0.5696860790049919
2023-10-13,0.5556189855777665
2023-10-16,0.6104962199844052
2023-10-17,0.5442674050796815
2023-10-18,0.6673764594612744
2023-10-19,0.6851310452803916
2023-10-20,0.6313993759039451
2023-10-23,0.6415185129345329
2023-10-25,0.6614675551894545
2023-10-26,0.6867393776608299
2023-10-27,0.6155334277553757
2023-10-30,0.5608043715381881
2023-10-31,0.6358168360765556
2023-11-01,0.5219751596998858
2023-11-02,0.4871873230841939
2023-11-03,0.5130239213555678
2023-11-06,0.5049528106726685
2023-11-07,0.5005330853771989
2023-11-08,0.5025265062452781
2023-11-09,0.5399090255481536
2023-11-10,0.5170317909868526
2023-11-12,0.5004752902269336
2023-11-13,0.5198671660919109
2023-11-15,0.555176115537831
2023-11-16,0.5076970817052552
2023-11-17,0.5175277863002848
2023-11-20,0.5142351351595065
2023-11-21,0.5347402075577365
2023-11-22,0.522637834727271
2023-11-23,0.5162927591799756
2023-11-24,0.5199783520306617
2023-11-28,0.5484394525107529
2023-11-29,0.5293654304707669
2023-11-30,0.5520602241295837
2023-12-01,0.5240703201097969
2023-12-04,0.5222729248135458
2023-12-05,0.5321532105525134
2023-12-06,0.5084113760239823
2023-12-07,0.5330176187875177
2023-12-08,0.5288290778196211
2023-12-11,0.5489208342144192
2023-12-12,0.5381553577558557
2023-12-13,0.5272404274023859
2023-12-14,0.5279034046952759
2023-12-15,0.5417889863177533
2023-12-18,0.5385118899919934
2023-12-19,0.4788148895145918
2023-12-20,0.5499699176670455
2023-12-21,0.5170038720376214
2023-12-22,0.512833747261535
2023-12-26,0.5215843567349121
2023-12-27,0.4990526922083089
2023-12-28,0.45800594086167346
2023-12-29,0.5256375728988775
2024-01-01,0.538426960622342
2024-01-02,0.5440069792797847
2024-01-03,0.5206921401039825
2024-01-04,0.5114108502890338
2024-01-05,0.49940231639980537
2024-01-08,0.4972680138398231
2024-01-09,0.4970266591050528
2024-01-10,0.581679471573693
2024-01-11,0.4352298284327593
2024-01-12,0.3526151977553693
2024-01-15,0.32490974842398546
2024-01-16,0.37211688252811215
2024-01-17,0.3614714350347684
2024-01-18,0.3093340480660073
2024-01-19,0.25780719829965487
2024-01-20,0.26362270488393924
2024-01-23,0.27749748942827035
2024-01-24,0.23885380251107471
2024-01-25,0.22960184439163048
2024-01-29,0.3231174458298131
2024-01-30,0.2662623958324335
2024-01-31,0.2591261582772583
2024-02-01,0.26312948105277084
2024-02-02,0.2538889171749449
2024-02-05,0.2684258707677667
2024-02-06,0.2520600439066474
2024-02-07,0.25055738416459933
2024-02-08,0.2518793138982308
2024-02-09,0.26132396603847685
2024-02-12,0.23152240554736
2024-02-13,0.22791765007866818
2024-02-14,0.22655966753676163
2024-02-15,0.22847870581679827
2024-02-16,0.22290705559210952
2024-02-19,0.2332164642979725
2024-02-20,0.22471364812061864
2024-02-21,0.2601383916165173
2024-02-22,0.22256185275563753
2024-02-23,0.22832323009419084
2024-02-26,0.22759677663980818
2024-02-27,0.22142394376626864
2024-02-28,0.2219045986196546
2024-02-29,0.2461992041612307
2024-03-01,0.2869708401187957
2024-03-02,0.25806849127436254
2024-03-04,0.2848831751529017
2024-03-05,0.2560881138414387
2024-03-06,0.2452678151285013
2024-03-07,0.2375824167258564
2024-03-11,0.2525163607145769
2024-03-12,0.2503107266886437
2024-03-13,0.3360315730123032
2024-03-14,0.3445286942179998
2024-03-15,0.31791082053579484
2024-03-18,0.2688002795675233
2024-03-19,0.30529681578285695
2024-03-20,0.23584243567822658
2024-03-21,0.24009631858007519
2024-03-22,0.2336427831628131
2024-03-26,0.2475118174037171
2024-03-27,0.3119327367663931
2024-03-28,0.247873251588532
2024-04-01,0.2547815881060334
2024-04-02,0.27847816936226927
2024-04-03,0.2409611654726201
2024-04-04,0.2735738397436483
2024-04-05,0.2395069891145687
2024-04-08,0.25835108723004846
2024-04-09,0.24209063901522967
2024-04-10,0.24721764796685278
2024-04-12,0.25376381901092426
2024-04-15,0.22470828362416337
2024-04-16,0.22565694268820394
2024-04-18,0.25561064350069
2024-04-19,0.22209200657081724
2024-04-22,0.23015760130432134
2024-04-23,0.23066284845133586
2024-04-24,0.24120133690773812
2024-04-25,0.22424339419566353
2024-04-26,0.24657751809220282
2024-04-29,0.2265277026611144
2024-04-30,0.22102829486881853
2024-05-02,0.22091695344900367
2024-05-03,0.3283618368612797
2024-05-06,0.3120675430638693
2024-05-07,0.3733312400448302
2024-05-08,0.3511994583300824
2024-05-09,0.4056331387381164
2024-05-10,0.3510977195094882
2024-05-13,0.37597247621967483
2024-05-14,0.3007741609324153
2024-05-15,0.3566339730952823
2024-05-16,0.31572287048784425
2024-05-17,0.25377936982518357
2024-05-18,0.2696794938807535
2024-05-21,0.2617331192096526
2024-05-22,0.2437075438415474
2024-05-23,0.2499965164223074
2024-05-24,0.24492326178682888
2024-05-27,0.23148472321632346
2024-05-28,0.22901414822938174
2024-05-29,0.21989125685848884
2024-05-30,0.2865504016692369
2024-05-31,0.26561520656711235
2024-06-03,0.32206212759769426
2024-06-04,0.35891903067729497
2024-06-05,0.256301037435963
2024-06-06,0.23567119320779667
2024-06-07,0.2522175884035793
2024-06-10,0.2665035651720569
2024-06-11,0.24863685294843396
2024-06-12,0.24586309784011282
2024-06-13,0.24524797344177315
2024-06-14,0.25865608813955865
2024-06-18,0.2609563721783553
2024-06-19,0.2332328847973842
2024-06-20,0.26705823077118174
2024-06-21,0.2672048899255833
2024-06-24,0.24797726517643198
2024-06-25,0.23303978645886603
2024-06-26,0.29182357508493084
2024-06-27,0.24494327680416422
2024-06-28,0.24242950510905875
2024-07-01,0.25288061541726886
2024-07-02,0.22683917628951136
2024-07-03,0.26097338430923284
2024-07-04,0.26196022899503096
2024-07-05,0.2760216504824954
2024-07-08,0.24991920089627395
2024-07-09,0.26622318658348587
2024-07-10,0.22485401794306162
2024-07-11,0.22661122606180564
2024-07-12,0.22440035921705836
2024-07-15,0.23661264037664115
2024-07-16,0.26609766952603664
2024-07-18,0.22197225812315471
2024-07-19,0.20171451882546879
2024-07-22,0.3251397992453128
2024-07-23,0.3631347559375641
2024-07-24,0.34215905635970056
2024-07-25,0.33377990166208243
2024-07-26,0.25963374448611864
2024-07-29,0.2563273195769822
2024-07-30,0.2557670428243776
2024-07-31,0.2647659480482443
2024-08-01,0.24990516573791102
2024-08-02,0.2615066086069252
2024-08-05,0.43607126709755484
2024-08-06,0.3813288884312877
2024-08-07,0.3542238176935342
2024-08-08,0.43397359654090933
2024-08-09,0.3165740479562098
2024-08-12,0.3997566475223145
2024-08-13,0.3627450069776601
2024-08-14,0.36868923816600635
2024-08-16,0.2841094937164998
2024-08-19,0.26284361942173023
2024-08-20,0.25603560546614057
2024-08-21,0.26671400666084133
2024-08-22,0.22252655451103626
2024-08-23,0.2229686334216906
2024-08-26,0.23189167437226837
2024-08-27,0.23863557392655038
2024-08-28,0.22862944790587286
2024-08-29,0.281557268970818
2024-08-30,0.23169172932533488
2024-09-02,0.2441703606557653
2024-09-03,0.2258358265556481
2024-09-04,0.22953389808028418
2024-09-05,0.24502721912469838
2024-09-06,0.33933663476892045
2024-09-09,0.3273543497082394
2024-09-10,0.32756977200854864
2024-09-11,0.3310958867551278
2024-09-12,0.30828770684808615
2024-09-13,0.26675001378006274
2024-09-16,0.25877766672999264
2024-09-17,0.25353633496054795
2024-09-18,0.35896138243320613
2024-09-19,0.2773552970117581
2024-09-20,0.2567680491849734
2024-09-23,0.2220345449522786
2024-09-24,0.25617674429600146
2024-09-25,0.226990544596499
2024-09-26,0.26716256374967123
2024-09-27,0.264635374020155
2024-09-30,0.25999497580830766
2024-10-01,0.28487140557173735
2024-10-03,0.38510028538569463
2024-10-04,0.4195139190401305
2024-10-07,0.42454096127787766
2024-10-08,0.39262462124702163
2024-10-09,0.42642548334399233
2024-10-10,0.4445945857024531
2024-10-11,0.4023265695475661
2024-10-14,0.44414957032743974
2024-10-15,0.4477788337145497
2024-10-16,0.39898100601414016
2024-10-17,0.42491938930933343
2024-10-18,0.3990683303944337
2024-10-21,0.4097497041692054
2024-10-22,0.44871429614873953
2024-10-23,0.4121341656550498
2024-10-24,0.42209389380848933
2024-10-25,0.4025844440570276
2024-10-28,0.5162116718320675
2024-10-29,0.5674726617445761
2024-10-30,0.5644527962961771
2024-10-31,0.5881090062397363
2024-11-01,0.5738465359448998
2024-11-04,0.604875702620461
2024-11-05,0.5781110229948766
2024-11-06,0.5801058155366589
2024-11-07,0.5840085121726578
2024-11-08,0.6053356875806902
2024-11-11,0.6284004719451716
2024-11-12,0.6509582461475089
2024-11-13,0.6585476462157216
2024-11-14,0.610771234095133
2024-11-18,0.6285769158333332
2024-11-19,0.6255277852361985
2024-11-21,0.6538900171540701
2024-11-22,0.6144554741932151
2024-11-25,0.6551100932813664
2024-11-26,0.6171925035825625
2024-11-27,0.6137514022128738
2024-11-28,0.6408913599802782
2024-11-29,0.5979409119418383
2024-12-02,0.6049618477090061
2024-12-03,0.627802335183176
2024-12-04,0.6353102570389633
2024-12-05,0.6087772766320885
2024-12-06,0.6334393948521226
2024-12-09,0.6457945456524119
2024-12-10,0.6272217041221504
2024-12-11,0.6219667070095305
2024-12-12,0.671164743153874
2024-12-13,0.6445390083804954
2024-12-16,0.6404753414355101
2024-12-17,0.6718544783031815
2024-12-18,0.6233560625745543
2024-12-19,0.6391063019760123
2024-12-20,0.6678984767521857
2024-12-23,0.5874840850298952
2024-12-24,0.5984550360312121
2024-12-26,0.6398666674677436
2024-12-27,0.5942561483824477
2024-12-30,0.6326262617892926
2024-12-31,0.5765408851876765
2025-01-01,0.5487894160076322
2025-01-02,0.5938079178005045
2025-01-03,0.5579300806186318
2025-01-06,0.5776335044955713
2025-01-07,0.5582429067634738
2025-01-08,0.5698495740614604
2025-01-09,0.5640475576070735
2025-01-10,0.6009456181873108
2025-01-13,0.6197112585297985
2025-01-14,0.5809920883804728
2025-01-15,0.5298957759135168
2025-01-16,0.5182668716389076
2025-01-17,0.551882630286702
2025-01-20,0.5143257770488461
2025-01-21,0.5096787175380951
2025-01-22,0.5121279912424819
2025-01-23,0.5083937293204696
2025-01-24,0.5401621378254071
2025-01-27,0.5442967846942953
2025-01-28,0.5404917173555976
2025-01-29,0.5599830426328674
2025-01-30,0.4987930458687189
2025-01-31,0.5057548796282197
2025-02-01,0.5045355372200281
2025-02-03,0.49857695728886636
2025-02-04,0.5633094495021739
2025-02-05,0.5091778709214834
2025-02-06,0.5059371495221675
2025-02-07,0.501513837376036
2025-02-10,0.5175593359764519
2025-02-11,0.5512641221115333
2025-02-12,0.5496992643492127
2025-02-13,0.526880893490139
2025-02-14,0.5335902815889928
2025-02-17,0.5466858659032248
2025-02-18,0.5587981585654856
2025-02-19,0.5560636232434106
2025-02-20,0.4961934685154793
2025-02-21,0.5554493150561747
2025-02-24,0.5286916071702376
2025-02-25,0.5314773261082891
2025-02-27,0.5375418038961858
2025-02-28,0.5753161005342006
2025-03-03,0.5777007158243389
2025-03-04,0.6325482047884577
2025-03-05,0.5535440895947507
2025-03-06,0.5598726550721007
2025-03-07,0.5271169210019347
2025-03-10,0.48195441935264105
2025-03-11,0.49862679654407344
2025-03-12,0.4827582996043741
2025-03-13,0.48156571958754846
2025-03-17,0.4963734216156674
2025-03-18,0.5108175151828583
2025-03-19,0.5101130941255398
2025-03-20,0.5066746302941836
2025-03-21,0.4988702141804271
2025-03-24,0.5018486198878196
2025-03-25,0.5109981005992812
2025-03-26,0.5115279626890343
2025-03-27,0.5014903906137019
2025-03-28,0.5008750248642548
2025-04-01,0.5043751960000777
2025-04-02,0.5118669501386679
2025-04-03,0.507766808087423
2025-04-04,0.5501695113300716
2025-04-07,0.5647346782650423
2025-04-08,0.55015841595204
2025-04-09,0.555006012385974
2025-04-11,0.5034020525408388
2025-04-15,0.4910057163192651
2025-04-16,0.5090113813910839
2025-04-17,0.536985058315394
2025-04-21,0.513613969703533
2025-04-22,0.5080072748889154
2025-04-23,0.5120777323319153
2025-04-24,0.49635620514395506
2025-04-25,0.49713374391762
2025-04-28,0.5527540318590657
2025-04-29,0.43774897551575426
2025-04-30,0.45646175343006073
2025-05-02,0.42781891968364466
2025-05-05,0.4427798533122953
2025-05-06,0.4511731078760637
2025-05-07,0.4799676498385504
2025-05-08,0.4712493624068773
2025-05-09,0.5405471763003287
2025-05-12,0.5017340436478355
2025-05-13,0.5229752613628627
2025-05-14,0.5408452942691637
2025-05-15,0.5307007787158006
2025-05-16,0.5209093095253917
2025-05-19,0.5323915868678636
2025-05-20,0.5414275097447155
2025-05-21,0.5419216901724974
2025-05-22,0.5471861350875206
2025-05-23,0.5381480357003089
2025-05-26,0.5122150054985813
2025-05-27,0.5446775713991412
2025-05-28,0.5254123842535393
2025-05-29,0.5210805029394691
2025-05-30,0.504471754004991
2025-06-02,0.5353304987359861
2025-06-03,0.514342332279433
2025-06-04,0.5119928707340858
2025-06-05,0.5055145702015561
2025-06-06,0.527283850080907
2025-06-09,0.5107276935171676
2025-06-10,0.5121868702385838
2025-06-11,0.5113346388190009
2025-06-12,0.5148762530751372
2025-06-13,0.5024565157606306
2025-06-16,0.5186313644375335
2025-06-17,0.503978590321963
2025-06-18,0.5225872121616885
2025-06-19,0.4932179088565306
2025-06-20,0.5822754678882899
2025-06-23,0.5160235061022846
2025-06-24,0.5469617231497785
2025-06-25,0.5207224265665614
2025-06-26,0.5544520596968225
2025-06-27,0.5137291973355491
2025-06-30,0.521606327674099
2025-07-01,0.5178615897229774
2025-07-02,0.5298664564772425
2025-07-03,0.535623803603934
2025-07-04,0.5271370238102947
2025-07-07,0.5123647828809424
2025-07-08,0.5224133125868238
2025-07-09,0.5208458082521716
2025-07-10,0.5197600499096621
2025-07-11,0.5257170443718802
2025-07-14,0.5140628473830682
2025-07-15,0.5208542369425014
2025-07-16,0.5058683332522154
2025-07-17,0.5155642517347863
2025-07-18,0.5281024000223007
2025-07-21,0.574249303376832
2025-07-22,0.5634514007826492
2025-07-23,0.545542357193856
2025-07-24,0.5619081052647512
2025-07-25,0.5700815581405316
2025-07-25,0.538044071561806
2025-07-28,0.6158674357003239
2025-07-29,0.5629119317244838
2025-07-30,0.5887443328041216
2025-07-31,0.5922844031014568
2025-08-01,0.551344613845299
2025-08-04,0.5730870131724027
2025-08-05,0.5923635061206236
2025-08-06,0.5596936825122742
2025-08-07,0.5941863148116865
2025-08-08,0.5533473444890464
2025-08-11,0.5484986448796467
2025-08-12,0.5814469539001146
2025-08-13,0.5514952650152077
2025-08-14,0.5796593475990167
2025-08-18,0.5710363843336966
2025-08-19,0.5366096240816298
2025-08-20,0.5122050927835121
2025-08-21,0.4989146128720574
2025-08-22,0.5100636342502188
2025-08-25,0.505842085434027
2025-08-26,0.5624783184817688
2025-08-28,0.5470982385244073
2025-08-29,0.5320602780486671
2025-09-01,0.5517707207614282
2025-09-02,0.5351864808985396
2025-09-03,0.5667376770312702
2025-09-04,0.5483879659073517
2025-09-05,0.5176291901731306
2025-09-08,0.5025451026462167
2025-09-09,0.5099542967947539
2025-09-10,0.5120507306675496
2025-09-11,0.4947869392208014
2025-09-12,0.4990733939920742
2025-09-15,0.509222033769558
2025-09-16,0.4823159867142876
2025-09-17,0.491190011338419
2025-09-18,0.4780513426928969
2025-09-19,0.4825189567844117
2025-09-22,0.5073709597754527
2025-09-23,0.5072320283037811
2025-09-24,0.5045229564396368
2025-09-25,0.5692808255970324
2025-09-26,0.5223287819650917
2025-09-29,0.5624052673103555
2025-09-30,0.5278421124468357
2025-10-01,0.5493004730122099
2025-10-03,0.530180451005776
2025-10-06,0.5219597351776172
2025-10-07,0.5060602084954691
2025-10-08,0.55324499845423
2025-10-09,0.5085944969650436
2025-10-10,0.5127985733017025
2025-10-13,0.5069519195287476
2025-10-14,0.5047685591535864
2025-10-15,0.5049162954209032
2025-10-16,0.5362427375994344
2025-10-17,0.5034685968680231
2025-10-20,0.5384441572120593
2025-10-21,0.5024947737743608
2025-10-23,0.54891543053085
2025-10-24,0.5240676169046591
2025-10-27,0.5159411130871134
2025-10-28,0.5078177764911016
2025-10-29,0.476310751048788
2025-10-30,0.5273474616283608
2025-10-31,0.5229180487256673
2025-11-03,0.5235993001679907
2025-11-04,0.5098820518119318
2025-11-06,0.5075704440734434
2025-11-07,0.531967959352031
2025-11-10,0.5182080423662399
2025-11-11,0.5082649715401575
2025-11-12,0.5134079043559745
2025-11-13,0.5164456619043879
2025-11-14,0.49489756672773116
2025-11-17,0.5022036612045901
2025-11-18,0.5212335245452083
2025-11-19,0.5246472521779023
2025-11-20,0.5549788893257422
2025-11-21,0.5084640800152566
2025-11-24,0.5309100888111958
2025-11-25,0.5214287916800724
2025-11-26,0.5406073549258579
2025-11-27,0.521669974957753
2025-11-28,0.5139496523949653
2025-12-01,0.5158290526594889
2025-12-02,0.5200420635577004
2025-12-03,0.5235887484932789
2025-12-04,0.5376814543435845
2025-12-05,0.5236184768772527
2025-12-08,0.5143095353651312
2025-12-09,0.5218730558599124
2025-12-10,0.5108808382435153
2025-12-11,0.5189057415939777
2025-12-12,0.5032066592197747
2025-12-15,0.5005550638776752
2025-12-16,0.5195395890176783
2025-12-17,0.5140958983066096
2025-12-18,0.5035338122313529
2025-12-19,0.535236538023811
2025-12-22,0.5170988574069227
2025-12-23,0.5033776063928851
2025-12-24,0.5045287456954618
2025-12-26,0.515814676204673
2025-12-29,0.5308362375877014
2025-12-30,0.5021576057634504
2025-12-31,0.545593005675293
2026-01-01,0.5049721564885721
2026-01-02,0.5151635649363526
2026-01-05,0.5052340080528348
2026-01-06,0.5332614781909001
2026-01-07,0.5468354919964639
2026-01-08,0.521603736804904
2026-01-09,0.515514013583285
2026-01-12,0.4990103399196407
2026-01-13,0.53328849264919
2026-01-14,0.564533092217607
2026-01-16,0.597772950461709
2026-01-19,0.6355845190123858
2026-01-20,0.6130666232835815
2026-01-21,0.5714509023900307
2026-01-21,0.565023131710267
2026-01-22,0.5874591444875402
2026-01-23,0.6106511481451117
2026-01-27,0.618946954619019
2026-01-28,0.5443735365128678
2026-01-29,0.5954253025305266
2026-01-30,0.5356540049152052
2026-02-01,0.6098320862307559
2026-02-02,0.5654704822407869
2026-02-03,0.5377330994046725
2026-02-04,0.5161863571501208
2026-02-05,0.5404574332713253
2026-02-06,0.5071108386262982
2026-02-09,0.5070002520261722
2026-02-10,0.5331739777836357
2026-02-11,0.5096144587247482
2026-02-12,0.5019017169837651
2026-02-13,0.5032515182075809
2026-02-16,0.515305048225945
2026-02-17,0.5043534870671628
