"Symbol  ","Series  ","Date  ","Prev Close  ","Open Price  ","High Price  ","Low Price  ","Last Price  ","Close Price  ","Average Price ","Total Traded Quantity  ","Turnover ₹  ","No. of Trades  ","Deliverable Qty  ","% Dly Qt to Traded Qty  "
"RELIANCE","EQ","07-Jan-2011","1,085.60","1,081.30","1,087.75","1,058.00","1,067.00","1,065.40","1,069.47","40,85,949","4,36,97,96,823.05","-","23,49,652","57.51"
"RELIANCE","EQ","10-Jan-2011","1,065.40","1,065.40","1,070.45","1,021.20","1,035.35","1,033.45","1,050.71","42,23,855","4,43,80,55,334.75","-","25,87,743","61.26"
"RELIANCE","EQ","11-Jan-2011","1,033.45","1,040.00","1,048.70","998.60","1,022.00","1,013.75","1,026.30","48,33,870","4,96,10,24,807.65","-","21,26,244","43.99"
"RELIANCE","EQ","12-Jan-2011","1,013.75","1,020.65","1,035.65","1,003.00","1,029.70","1,030.80","1,019.66","53,01,987","5,40,62,11,742.90","-","24,72,974","46.64"
"RELIANCE","EQ","13-Jan-2011","1,030.80","1,030.00","1,039.15","1,011.10","1,015.95","1,015.35","1,023.38","55,62,896","5,69,29,69,631.05","-","30,41,017","54.67"
"RELIANCE","EQ","14-Jan-2011","1,015.35","1,014.05","1,029.80","998.00","998.15","1,001.50","1,012.62","43,68,638","4,42,37,71,715.50","-","21,38,859","48.96"
"RELIANCE","EQ","17-Jan-2011","1,001.50","1,003.00","1,008.00","992.05","998.95","997.90","1,000.13","32,10,798","3,21,12,23,457.20","-","14,96,866","46.62"
"RELIANCE","EQ","18-Jan-2011","997.90","1,004.85","1,008.00","990.00","996.90","994.85","996.60","33,99,381","3,38,78,34,901.15","-","17,34,512","51.02"
"RELIANCE","EQ","19-Jan-2011","994.85","999.60","1,005.00","975.00","981.40","980.15","993.27","53,69,775","5,33,36,12,717.05","-","33,99,725","63.31"
"RELIANCE","EQ","20-Jan-2011","980.15","977.60","977.60","954.55","968.65","969.85","966.86","94,50,384","9,13,71,67,623.50","-","62,74,988","66.40"
"RELIANCE","EQ","21-Jan-2011","969.85","975.00","992.50","973.00","987.20","986.80","985.11","44,63,927","4,39,74,76,833.25","-","21,67,658","48.56"
"RELIANCE","EQ","24-Jan-2011","986.80","995.10","995.90","964.10","972.55","971.60","973.67","50,84,310","4,95,04,38,351.90","-","29,98,026","58.97"
"RELIANCE","EQ","25-Jan-2011","971.60","977.10","984.95","956.25","958.40","958.50","970.32","46,46,080","4,50,81,81,430.00","-","25,32,493","54.51"
"RELIANCE","EQ","27-Jan-2011","958.50","966.00","967.40","940.00","943.85","942.70","952.70","64,24,365","6,12,04,92,172.90","-","41,56,280","64.70"
"RELIANCE","EQ","28-Jan-2011","942.70","945.00","945.90","902.00","917.80","913.00","919.74","77,38,844","7,11,76,93,886.65","-","39,56,760","51.13"
"RELIANCE","EQ","31-Jan-2011","913.00","908.85","928.85","903.10","919.80","919.30","918.40","57,90,572","5,31,80,39,601.60","-","29,68,135","51.26"
"RELIANCE","EQ","01-Feb-2011","919.30","925.10","927.70","888.55","894.60","895.50","903.10","86,63,045","7,82,36,21,273.95","-","43,92,685","50.71"
"RELIANCE","EQ","02-Feb-2011","895.50","910.00","927.90","907.30","923.00","921.30","919.50","65,06,784","5,98,29,88,364.85","-","40,81,093","62.72"
"RELIANCE","EQ","03-Feb-2011","921.30","928.00","947.50","915.00","947.00","943.90","934.37","38,96,824","3,64,10,66,010.55","-","17,18,754","44.11"
"RELIANCE","EQ","04-Feb-2011","943.90","947.40","947.40","913.15","917.00","920.00","927.16","47,35,179","4,39,02,53,871.45","-","26,25,073","55.44"
"RELIANCE","EQ","07-Feb-2011","920.00","925.70","938.80","914.40","928.90","929.05","926.96","33,34,195","3,09,06,70,173.85","-","15,34,561","46.02"
"RELIANCE","EQ","08-Feb-2011","929.05","935.70","935.70","911.25","917.00","915.25","918.84","44,99,736","4,13,45,22,717.20","-","26,66,292","59.25"
"RELIANCE","EQ","09-Feb-2011","915.25","908.40","937.20","903.65","919.75","914.30","923.19","87,38,283","8,06,70,78,841.50","-","55,19,938","63.17"
"RELIANCE","EQ","10-Feb-2011","914.30","912.50","920.80","885.10","899.00","899.65","900.33","64,79,831","5,83,39,79,664.95","-","30,68,933","47.36"
"RELIANCE","EQ","11-Feb-2011","899.65","899.95","915.00","888.05","910.75","909.95","899.83","45,74,486","4,11,62,69,861.35","-","21,58,728","47.19"
"RELIANCE","EQ","14-Feb-2011","909.95","906.10","918.25","894.10","915.10","914.80","907.41","68,90,857","6,25,28,61,727.05","-","31,88,244","46.27"
"RELIANCE","EQ","15-Feb-2011","914.80","914.40","944.80","911.30","942.00","941.70","930.50","62,32,645","5,79,94,81,570.25","-","33,62,053","53.94"
"RELIANCE","EQ","16-Feb-2011","941.70","938.30","950.80","938.10","943.70","944.15","946.12","25,23,913","2,38,79,16,577.80","-","9,74,826","38.62"
"RELIANCE","EQ","17-Feb-2011","944.15","947.85","955.45","936.25","953.95","953.95","947.93","32,21,065","3,05,33,41,945.95","-","15,64,048","48.56"
"RELIANCE","EQ","18-Feb-2011","953.95","956.05","963.00","932.00","938.00","935.55","948.71","35,99,714","3,41,50,97,753.75","-","14,50,865","40.31"
"RELIANCE","EQ","21-Feb-2011","935.55","936.10","960.90","934.20","954.65","956.35","949.02","58,58,555","5,55,98,74,540.70","-","31,74,305","54.18"
"RELIANCE","EQ","22-Feb-2011","956.35","992.00","1,009.40","979.25","986.30","984.85","995.60","2,03,26,289","20,23,68,02,111.95","-","1,11,41,840","54.81"
"RELIANCE","EQ","23-Feb-2011","984.85","986.40","1,002.30","985.00","998.50","995.65","995.30","71,28,252","7,09,47,51,858.30","-","45,99,455","64.52"
"RELIANCE","EQ","24-Feb-2011","995.65","996.00","998.60","958.35","971.00","964.20","971.46","75,21,221","7,30,65,81,295.15","-","45,92,008","61.05"
"RELIANCE","EQ","25-Feb-2011","964.20","980.70","982.25","954.55","969.95","966.25","969.01","34,51,930","3,34,49,48,827.40","-","15,05,965","43.63"
"RELIANCE","EQ","28-Feb-2011","966.25","970.20","994.30","960.00","961.70","964.25","979.06","51,40,248","5,03,26,12,710.05","-","20,47,716","39.84"
"RELIANCE","EQ","01-Mar-2011","964.25","973.70","992.70","967.20","991.30","988.85","982.71","28,85,282","2,83,53,81,549.20","-","13,40,011","46.44"
"RELIANCE","EQ","03-Mar-2011","988.85","975.20","985.00","968.10","980.00","977.40","977.06","44,61,643","4,35,92,82,497.45","-","19,43,040","43.55"
"RELIANCE","EQ","04-Mar-2011","977.40","984.65","994.80","978.10","983.00","982.20","985.27","35,24,743","3,47,28,27,458.15","-","17,40,191","49.37"
"RELIANCE","EQ","07-Mar-2011","982.20","974.10","983.30","964.00","977.00","977.05","973.12","27,02,156","2,62,95,27,224.15","-","12,27,226","45.42"
"RELIANCE","EQ","08-Mar-2011","977.05","978.00","992.40","978.00","985.10","984.95","985.54","27,56,185","2,71,63,26,528.35","-","13,79,328","50.04"
"RELIANCE","EQ","09-Mar-2011","984.95","988.70","1,004.40","968.10","993.00","993.85","991.87","74,22,840","7,36,24,58,029.00","-","33,34,723","44.93"
"RELIANCE","EQ","10-Mar-2011","993.85","992.70","993.00","982.00","984.80","984.75","986.71","22,52,418","2,22,24,75,686.00","-","11,09,340","49.25"
"RELIANCE","EQ","11-Mar-2011","984.75","978.80","994.90","972.15","993.10","992.05","984.93","34,28,848","3,37,71,81,598.15","-","16,94,202","49.41"
"RELIANCE","EQ","14-Mar-2011","992.05","992.95","1,020.75","992.25","1,020.00","1,018.35","1,010.45","65,85,771","6,65,45,84,426.20","-","44,02,937","66.86"
"RELIANCE","EQ","15-Mar-2011","1,018.35","997.95","1,049.60","988.90","1,036.00","1,037.25","1,026.06","1,29,02,924","13,23,91,85,975.30","-","66,14,538","51.26"
"RELIANCE","EQ","16-Mar-2011","1,037.25","1,045.00","1,055.00","1,038.10","1,046.50","1,047.10","1,045.04","47,09,984","4,92,21,38,031.30","-","21,68,821","46.05"
"RELIANCE","EQ","17-Mar-2011","1,047.10","1,039.30","1,048.80","1,028.00","1,032.05","1,030.85","1,037.51","28,30,269","2,93,64,36,944.90","-","12,74,804","45.04"
"RELIANCE","EQ","18-Mar-2011","1,030.85","1,035.00","1,035.00","986.60","990.45","993.00","999.11","92,58,050","9,24,98,39,598.40","-","39,91,942","43.12"
"RELIANCE","EQ","21-Mar-2011","993.00","999.05","1,000.00","981.10","993.00","990.30","991.16","35,53,732","3,52,23,24,974.60","-","15,38,191","43.28"
"RELIANCE","EQ","22-Mar-2011","990.30","993.05","1,004.90","992.15","1,000.00","999.65","1,000.12","22,38,646","2,23,89,07,753.70","-","10,49,583","46.88"
"RELIANCE","EQ","23-Mar-2011","999.65","999.85","1,016.65","995.80","1,015.10","1,013.25","1,008.42","26,10,417","2,63,24,03,747.40","-","13,51,859","51.79"
"RELIANCE","EQ","24-Mar-2011","1,013.25","1,015.90","1,021.95","1,003.85","1,012.40","1,010.30","1,011.91","25,67,887","2,59,84,59,307.70","-","13,12,332","51.11"
"RELIANCE","EQ","25-Mar-2011","1,010.30","1,023.90","1,029.95","1,010.00","1,026.35","1,026.60","1,019.91","35,18,453","3,58,85,20,309.85","-","22,05,659","62.69"
"RELIANCE","EQ","28-Mar-2011","1,026.60","1,026.25","1,036.35","1,014.30","1,025.40","1,025.70","1,023.95","43,61,259","4,46,57,08,132.55","-","24,32,874","55.78"
"RELIANCE","EQ","29-Mar-2011","1,025.70","1,020.00","1,032.00","1,019.60","1,025.20","1,022.75","1,026.91","41,37,811","4,24,91,40,969.20","-","27,29,845","65.97"
"RELIANCE","EQ","30-Mar-2011","1,022.75","1,027.50","1,037.50","1,024.10","1,032.15","1,032.50","1,031.87","28,01,842","2,89,11,45,175.90","-","16,98,110","60.61"
"RELIANCE","EQ","31-Mar-2011","1,032.50","1,034.50","1,054.90","1,034.50","1,051.55","1,049.10","1,045.53","72,01,048","7,52,89,44,581.00","-","50,29,068","69.84"
"RELIANCE","EQ","01-Apr-2011","1,049.10","1,049.05","1,065.90","1,031.00","1,036.00","1,036.40","1,044.03","42,91,094","4,48,00,34,063.45","-","26,21,285","61.09"
"RELIANCE","EQ","04-Apr-2011","1,036.40","1,040.00","1,054.80","1,029.00","1,050.80","1,050.65","1,042.46","29,97,121","3,12,43,65,159.10","-","14,59,182","48.69"
"RELIANCE","EQ","05-Apr-2011","1,050.65","1,052.50","1,059.00","1,040.00","1,048.00","1,047.65","1,048.10","24,58,823","2,57,70,84,771.30","-","12,20,101","49.62"
"RELIANCE","EQ","06-Apr-2011","1,047.65","1,045.00","1,054.25","1,040.00","1,047.25","1,044.85","1,044.80","20,76,283","2,16,93,06,188.55","-","11,06,936","53.31"
"RELIANCE","EQ","07-Apr-2011","1,044.85","1,045.05","1,047.55","1,035.10","1,041.75","1,041.90","1,040.03","23,23,242","2,41,62,45,538.55","-","13,82,573","59.51"
"RELIANCE","EQ","08-Apr-2011","1,041.90","1,042.00","1,050.90","1,020.65","1,024.00","1,023.90","1,030.80","27,42,024","2,82,64,77,477.75","-","16,03,511","58.48"
"RELIANCE","EQ","11-Apr-2011","1,023.90","1,013.00","1,019.45","1,003.65","1,005.80","1,005.30","1,009.07","25,82,208","2,60,56,18,308.95","-","16,35,424","63.33"
"RELIANCE","EQ","13-Apr-2011","1,005.30","1,001.85","1,024.00","996.60","1,022.45","1,021.80","1,013.38","43,69,725","4,42,81,78,627.30","-","28,22,759","64.60"
"RELIANCE","EQ","15-Apr-2011","1,021.80","1,018.65","1,024.85","1,005.00","1,019.05","1,020.95","1,015.12","32,40,001","3,28,90,00,050.70","-","18,41,093","56.82"
"RELIANCE","EQ","18-Apr-2011","1,020.95","1,019.20","1,044.70","1,000.60","1,007.35","1,009.15","1,025.46","33,81,601","3,46,77,12,138.30","-","15,78,172","46.67"
"RELIANCE","EQ","19-Apr-2011","1,009.15","1,004.70","1,017.45","998.75","1,010.90","1,011.65","1,008.50","27,48,246","2,77,16,12,797.90","-","11,04,768","40.20"
"RELIANCE","EQ","20-Apr-2011","1,011.65","1,016.00","1,030.50","1,008.20","1,029.00","1,025.90","1,019.78","23,57,930","2,40,45,79,373.45","-","12,76,303","54.13"
"RELIANCE","EQ","21-Apr-2011","1,025.90","1,034.80","1,044.20","1,030.00","1,039.25","1,040.60","1,036.44","34,13,753","3,53,81,38,055.25","-","17,29,127","50.65"
"RELIANCE","EQ","25-Apr-2011","1,040.60","1,014.00","1,021.00","1,005.15","1,009.00","1,009.35","1,012.58","41,46,270","4,19,84,21,246.80","-","23,02,035","55.52"
"RELIANCE","EQ","26-Apr-2011","1,009.35","1,009.00","1,009.00","997.55","1,001.00","1,001.15","1,001.96","40,35,044","4,04,29,49,929.05","-","25,17,825","62.40"
"RELIANCE","EQ","27-Apr-2011","1,001.15","1,005.00","1,009.10","980.10","987.70","986.10","990.45","56,48,346","5,59,44,08,597.75","-","36,39,739","64.44"
"RELIANCE","EQ","28-Apr-2011","986.10","992.00","993.00","970.00","972.35","972.40","977.14","81,63,236","7,97,66,58,438.25","-","60,69,870","74.36"
"RELIANCE","EQ","29-Apr-2011","972.40","975.00","988.00","971.30","985.20","983.75","980.00","34,14,200","3,34,59,00,192.85","-","20,35,343","59.61"
"RELIANCE","EQ","02-May-2011","983.75","983.90","986.80","961.30","964.50","964.75","970.04","31,10,913","3,01,76,96,208.45","-","19,40,092","62.36"
"RELIANCE","EQ","03-May-2011","964.75","965.10","967.40","941.05","943.20","943.90","953.20","50,35,348","4,79,96,80,396.70","-","32,26,942","64.09"
"RELIANCE","EQ","04-May-2011","943.90","945.00","956.75","940.00","947.00","947.65","949.26","26,67,162","2,53,18,16,960.25","-","11,99,226","44.96"
"RELIANCE","BL","04-May-2011","2,015.00","945.00","945.00","945.00","945.00","945.00","945.00","65,00,523","6,14,29,94,235.00","-","65,00,523","100.00"
"RELIANCE","EQ","05-May-2011","947.65","945.00","963.55","943.65","946.70","949.95","954.48","44,76,339","4,27,25,62,142.90","-","27,38,858","61.19"
"RELIANCE","EQ","06-May-2011","949.95","953.00","960.00","949.10","956.20","955.05","954.27","29,52,486","2,81,74,72,690.35","-","17,66,934","59.85"
"RELIANCE","EQ","06-May-2011","949.95","953.00","960.00","949.10","956.20","955.05","954.27","29,52,486","2,81,74,72,690.35","-","17,66,934","59.85"
"RELIANCE","EQ","09-May-2011","955.05","960.00","966.05","951.40","959.20","959.30","958.97","18,31,616","1,75,64,72,846.20","-","9,13,707","49.89"
"RELIANCE","EQ","10-May-2011","959.30","959.30","963.90","946.55","950.80","950.75","957.62","18,61,439","1,78,25,46,003.90","-","10,53,350","56.59"
"RELIANCE","EQ","11-May-2011","950.75","954.00","958.40","943.50","951.90","955.45","951.27","18,73,699","1,78,23,96,000.30","-","9,63,324","51.41"
"RELIANCE","EQ","12-May-2011","955.45","951.50","954.75","941.00","947.50","945.50","947.64","21,07,305","1,99,69,68,297.90","-","13,05,251","61.94"
"RELIANCE","EQ","13-May-2011","945.50","945.25","962.00","937.95","950.55","948.00","951.29","31,78,684","3,02,38,50,114.30","-","17,83,558","56.11"
"RELIANCE","EQ","16-May-2011","948.00","950.00","951.40","941.55","943.55","945.00","946.47","16,01,945","1,51,61,86,578.00","-","8,04,970","50.25"
"RELIANCE","EQ","17-May-2011","945.00","945.65","946.80","917.25","918.90","920.65","926.00","39,73,699","3,67,96,59,539.85","-","21,78,718","54.83"
"RELIANCE","EQ","18-May-2011","920.65","920.00","923.85","898.35","901.25","901.85","904.39","56,72,247","5,12,99,36,976.00","-","34,66,835","61.12"
"RELIANCE","EQ","19-May-2011","901.85","908.40","922.00","904.75","918.25","915.50","914.56","41,31,089","3,77,81,19,625.85","-","26,28,469","63.63"
"RELIANCE","EQ","20-May-2011","915.50","918.45","925.80","910.30","922.95","923.20","920.17","31,71,245","2,91,80,90,799.50","-","19,24,662","60.69"
"RELIANCE","EQ","23-May-2011","923.20","919.00","922.00","903.30","909.65","909.40","911.46","33,91,416","3,09,11,40,856.10","-","21,06,016","62.10"
"RELIANCE","EQ","24-May-2011","909.40","906.00","920.90","906.00","914.80","915.75","916.13","25,38,967","2,32,60,20,420.30","-","17,02,167","67.04"
"RELIANCE","EQ","25-May-2011","915.75","914.10","914.10","901.00","906.70","906.00","908.12","29,97,245","2,72,18,70,591.30","-","16,21,620","54.10"
"RELIANCE","EQ","26-May-2011","906.00","912.60","936.85","911.10","931.30","933.85","928.05","68,57,905","6,36,44,97,864.95","-","41,53,635","60.57"
"RELIANCE","EQ","27-May-2011","933.85","934.10","952.90","934.10","943.35","945.45","946.83","34,59,497","3,27,55,61,652.45","-","22,17,306","64.09"
"RELIANCE","EQ","30-May-2011","945.45","948.95","953.00","934.25","939.60","938.85","942.70","17,29,109","1,63,00,30,086.00","-","8,15,757","47.18"
"RELIANCE","EQ","31-May-2011","938.85","945.00","955.90","937.30","952.25","951.85","949.45","32,19,213","3,05,64,91,754.30","-","18,64,908","57.93"
"RELIANCE","EQ","01-Jun-2011","951.85","952.00","958.65","943.65","947.50","946.80","947.83","18,38,452","1,74,25,38,443.20","58,630","9,01,415","49.03"
"RELIANCE","EQ","02-Jun-2011","946.80","936.55","954.70","936.55","952.50","951.05","947.09","21,52,963","2,03,90,39,457.55","63,061","10,66,759","49.55"
"RELIANCE","EQ","03-Jun-2011","951.05","960.50","967.00","931.50","936.00","934.60","951.69","43,68,279","4,15,72,37,797.05","1,28,784","10,35,791","23.71"
"RELIANCE","EQ","06-Jun-2011","934.60","934.65","940.80","928.15","938.60","937.75","935.29","14,05,741","1,31,47,71,186.80","43,384","4,76,631","33.91"
"RELIANCE","EQ","07-Jun-2011","937.75","933.55","960.00","933.55","959.60","958.25","950.55","40,25,919","3,82,68,39,404.05","88,703","24,24,958","60.23"
"RELIANCE","EQ","08-Jun-2011","958.25","955.25","955.95","943.95","951.35","949.20","948.28","32,47,038","3,07,90,88,742.30","68,474","20,83,780","64.17"
"RELIANCE","EQ","09-Jun-2011","949.20","947.50","957.85","947.00","954.60","954.00","953.65","20,92,020","1,99,50,63,456.45","53,229","11,17,870","53.43"
"RELIANCE","EQ","10-Jun-2011","954.00","955.10","956.00","932.05","946.00","944.50","942.51","25,30,136","2,38,46,77,374.35","89,198","13,58,091","53.68"
"RELIANCE","EQ","13-Jun-2011","944.50","943.25","943.25","921.00","924.60","925.60","926.27","29,54,066","2,73,62,72,270.60","95,485","16,77,508","56.79"
"RELIANCE","EQ","14-Jun-2011","925.60","925.30","931.75","910.00","911.45","911.35","915.92","43,35,560","3,97,10,24,354.55","1,01,037","28,35,346","65.40"
"RELIANCE","EQ","15-Jun-2011","911.35","912.00","918.90","898.60","900.25","900.55","906.48","46,07,486","4,17,66,07,724.80","1,37,364","23,47,059","50.94"
"RELIANCE","EQ","16-Jun-2011","900.55","901.00","901.00","884.10","886.05","887.55","890.99","57,07,528","5,08,53,35,165.90","1,48,322","33,42,006","58.55"
"RELIANCE","EQ","17-Jun-2011","887.55","891.30","893.30","865.20","866.90","868.75","874.93","50,35,618","4,40,58,24,992.15","1,70,442","29,56,775","58.72"
"RELIANCE","EQ","20-Jun-2011","868.75","875.00","875.00","828.10","833.15","833.25","847.35","69,26,078","5,86,88,46,154.05","2,15,554","33,50,325","48.37"
"RELIANCE","EQ","21-Jun-2011","833.25","839.90","855.00","837.30","848.95","848.65","848.14","39,80,489","3,37,59,95,989.65","1,02,793","17,98,284","45.18"
"RELIANCE","EQ","22-Jun-2011","848.65","853.35","858.15","834.15","846.70","845.80","842.78","45,96,259","3,87,36,41,071.85","96,249","23,43,085","50.98"
"RELIANCE","EQ","23-Jun-2011","845.80","846.55","872.70","845.90","870.75","870.50","863.74","47,34,842","4,08,96,71,955.10","1,23,526","24,67,225","52.11"
"RELIANCE","EQ","24-Jun-2011","870.50","874.15","879.70","855.60","868.50","871.40","866.87","72,39,303","6,27,55,62,491.75","1,50,708","42,91,032","59.27"
"RELIANCE","EQ","27-Jun-2011","871.40","866.70","881.80","861.85","872.00","871.55","874.41","32,80,025","2,86,80,96,068.75","88,833","17,44,078","53.17"
"RELIANCE","EQ","28-Jun-2011","871.55","878.90","878.90","862.00","871.50","871.10","868.86","23,36,039","2,02,96,89,884.50","63,762","10,63,116","45.51"
"RELIANCE","EQ","29-Jun-2011","871.10","875.70","888.00","872.10","887.00","885.25","879.81","28,41,435","2,49,99,31,599.05","78,475","16,60,105","58.42"
"RELIANCE","EQ","30-Jun-2011","885.25","888.70","902.00","887.00","895.05","898.50","895.72","49,70,476","4,45,21,50,133.25","90,446","29,33,798","59.02"
"RELIANCE","EQ","01-Jul-2011","898.50","907.00","907.00","856.70","859.90","861.95","870.02","65,55,284","5,70,32,25,532.90","1,28,948","36,50,883","55.69"
"RELIANCE","EQ","04-Jul-2011","861.95","874.40","879.40","865.00","868.60","868.40","870.02","37,71,511","3,28,12,79,979.50","1,01,705","22,79,704","60.45"
"RELIANCE","EQ","05-Jul-2011","868.40","869.30","869.30","844.00","845.40","845.95","853.31","77,27,430","6,59,39,02,628.25","1,52,680","49,13,321","63.58"
"RELIANCE","EQ","06-Jul-2011","845.95","848.85","858.50","840.70","852.55","852.90","850.04","61,43,838","5,22,25,35,137.25","1,67,251","31,14,346","50.69"
"RELIANCE","EQ","07-Jul-2011","852.90","858.00","874.90","855.25","871.90","870.70","864.21","46,03,204","3,97,81,26,225.65","1,51,607","25,39,009","55.16"
"RELIANCE","EQ","08-Jul-2011","870.70","873.00","874.00","852.00","854.30","854.85","858.61","47,85,969","4,10,92,76,894.80","82,105","29,72,609","62.11"
"RELIANCE","EQ","11-Jul-2011","854.85","854.00","859.95","847.00","852.80","853.30","854.56","21,94,126","1,87,50,22,038.25","60,289","8,85,377","40.35"
"RELIANCE","EQ","12-Jul-2011","853.30","847.50","857.40","845.70","847.50","847.75","849.72","29,86,757","2,53,79,04,916.80","84,280","16,68,966","55.88"
"RELIANCE","EQ","13-Jul-2011","847.75","853.05","869.70","851.10","867.60","865.45","860.62","38,92,719","3,35,01,51,754.75","95,561","21,35,723","54.86"
"RELIANCE","EQ","14-Jul-2011","865.45","863.30","877.90","859.35","864.90","867.55","867.88","30,43,021","2,64,09,91,101.90","87,903","13,86,733","45.57"
"RELIANCE","EQ","15-Jul-2011","867.55","867.70","876.00","865.00","872.50","873.20","871.34","23,32,976","2,03,28,18,027.00","97,923","11,68,716","50.10"
"RELIANCE","BL","15-Jul-2011","945.00","869.70","869.70","869.70","869.70","869.70","869.70","1,62,626","14,14,35,832.20","1","-","-"
"RELIANCE","EQ","18-Jul-2011","873.20","871.90","873.90","864.20","866.00","867.60","869.00","15,04,709","1,30,75,91,717.30","42,399","7,10,186","47.20"
"RELIANCE","EQ","19-Jul-2011","867.60","867.50","881.40","866.00","878.15","879.45","874.18","22,45,330","1,96,28,16,369.65","71,767","10,88,143","48.46"
"RELIANCE","EQ","20-Jul-2011","879.45","886.00","886.80","868.80","874.80","876.20","877.90","25,55,594","2,24,35,66,134.80","79,529","12,72,175","49.78"
"RELIANCE","EQ","21-Jul-2011","876.20","875.95","875.95","857.55","858.00","860.85","866.59","18,02,647","1,56,21,53,829.95","57,903","8,93,671","49.58"
"RELIANCE","EQ","22-Jul-2011","860.85","866.00","877.00","862.50","873.00","873.35","871.82","34,98,193","3,04,97,89,488.70","88,249","20,78,359","59.41"
"RELIANCE","EQ","25-Jul-2011","873.35","892.00","892.00","879.15","881.60","882.85","884.58","50,07,164","4,42,92,59,176.05","1,16,024","24,23,803","48.41"
"RELIANCE","EQ","26-Jul-2011","882.85","888.25","890.15","869.40","870.35","871.50","876.83","46,77,273","4,10,11,68,829.40","1,82,436","25,45,389","54.42"
"RELIANCE","EQ","27-Jul-2011","871.50","875.00","875.00","859.15","860.80","860.85","865.07","31,26,064","2,70,42,65,587.55","75,129","19,88,535","63.61"
"RELIANCE","EQ","28-Jul-2011","860.85","855.00","855.00","833.40","837.70","837.35","839.63","71,54,511","6,00,71,49,851.70","1,57,298","40,80,997","57.04"
"RELIANCE","EQ","29-Jul-2011","837.35","840.00","847.25","823.15","828.00","827.95","835.82","48,90,181","4,08,72,94,012.25","1,30,721","26,79,709","54.80"
"RELIANCE","EQ","01-Aug-2011","827.95","838.00","838.00","821.35","831.50","830.85","828.70","32,55,486","2,69,78,05,115.00","87,062","16,61,701","51.04"
"RELIANCE","EQ","02-Aug-2011","830.85","827.55","838.90","818.50","837.55","837.30","829.55","37,87,775","3,14,21,31,047.85","1,06,684","17,93,988","47.36"
"RELIANCE","EQ","03-Aug-2011","837.30","826.75","836.20","823.10","825.25","825.05","828.40","32,19,680","2,66,71,71,912.35","66,906","16,49,112","51.22"
"RELIANCE","EQ","04-Aug-2011","825.05","828.00","831.65","810.05","811.00","812.35","820.84","31,40,142","2,57,75,68,098.65","88,226","14,69,924","46.81"
"RELIANCE","EQ","05-Aug-2011","812.35","799.50","799.50","779.00","791.90","792.00","789.79","59,94,097","4,73,40,88,696.05","1,57,581","30,40,193","50.72"
"RELIANCE","EQ","08-Aug-2011","792.00","776.70","796.40","767.00","780.25","780.65","781.35","50,84,300","3,97,26,39,513.05","1,39,239","21,42,216","42.13"
"RELIANCE","EQ","09-Aug-2011","780.65","753.00","779.00","753.00","767.50","765.30","765.19","74,63,019","5,71,05,93,267.15","1,67,300","35,86,853","48.06"
"RELIANCE","EQ","09-Aug-2011","780.65","753.00","779.00","753.00","767.50","765.30","765.19","74,63,019","5,71,05,93,267.15","1,67,300","35,86,853","48.06"
"RELIANCE","EQ","10-Aug-2011","765.30","785.35","790.00","765.00","770.40","772.75","776.76","40,56,543","3,15,09,63,149.10","1,13,131","20,57,041","50.71"
"RELIANCE","EQ","11-Aug-2011","772.75","768.35","784.95","765.00","770.80","772.20","776.23","24,89,305","1,93,22,77,634.65","77,957","9,48,672","38.11"
"RELIANCE","EQ","12-Aug-2011","772.20","783.00","783.00","758.00","758.90","760.90","767.38","39,36,767","3,02,09,92,127.60","1,12,482","22,62,471","57.47"
"RELIANCE","EQ","16-Aug-2011","760.90","760.00","772.30","754.70","764.10","759.15","765.21","25,80,004","1,97,42,40,987.10","77,229","13,40,975","51.98"
"RELIANCE","EQ","17-Aug-2011","759.15","760.50","774.40","751.00","753.80","755.00","759.89","30,96,352","2,35,28,85,823.45","78,570","13,32,358","43.03"
"RELIANCE","EQ","18-Aug-2011","755.00","757.70","760.00","737.00","737.65","741.20","747.18","39,14,915","2,92,51,26,762.65","90,562","19,94,411","50.94"
"RELIANCE","EQ","19-Aug-2011","741.20","731.05","739.00","721.30","731.00","732.55","729.26","46,63,092","3,40,05,84,787.20","1,02,499","23,35,146","50.08"
"RELIANCE","EQ","22-Aug-2011","732.55","731.00","759.85","725.60","759.85","757.00","741.80","35,52,807","2,63,54,85,002.85","91,864","13,57,416","38.21"
"RELIANCE","EQ","23-Aug-2011","757.00","760.35","772.00","747.50","765.60","765.25","760.12","40,08,613","3,04,70,45,257.05","1,20,271","23,37,942","58.32"
"RELIANCE","EQ","24-Aug-2011","765.25","764.00","769.50","756.00","760.00","761.30","762.17","29,68,791","2,26,27,33,043.30","69,105","16,82,164","56.66"
"RELIANCE","EQ","25-Aug-2011","761.30","761.60","769.00","750.25","751.00","753.50","757.21","48,49,218","3,67,18,88,390.00","86,360","29,71,967","61.29"
"RELIANCE","EQ","26-Aug-2011","753.50","751.00","756.10","712.00","722.00","719.40","735.29","44,57,788","3,27,77,58,581.20","1,14,276","22,61,771","50.74"
"RELIANCE","EQ","29-Aug-2011","719.40","731.10","759.90","728.35","754.35","755.05","747.58","41,86,930","3,13,00,84,704.85","1,01,102","21,95,594","52.44"
"RELIANCE","EQ","30-Aug-2011","755.05","765.00","796.30","764.00","785.05","782.60","779.16","78,21,448","6,09,41,78,274.75","1,52,811","41,44,465","52.99"
"RELIANCE","EQ","02-Sep-2011","782.60","796.70","813.70","789.45","805.20","805.45","802.88","77,91,545","6,25,56,37,954.75","1,37,175","47,84,504","61.41"
"RELIANCE","EQ","05-Sep-2011","805.45","794.50","799.00","782.95","788.75","788.85","789.07","45,67,377","3,60,39,85,596.60","92,381","21,41,609","46.89"
"RELIANCE","EQ","06-Sep-2011","788.85","783.20","825.50","776.50","825.10","821.50","801.44","71,62,305","5,74,01,49,346.50","1,31,295","34,00,142","47.47"
"RELIANCE","EQ","07-Sep-2011","821.50","824.00","843.50","823.70","833.00","833.50","833.91","71,86,238","5,99,26,70,775.85","1,24,508","40,41,586","56.24"
"RELIANCE","EQ","08-Sep-2011","833.50","833.50","859.00","814.50","857.50","852.45","837.02","80,65,388","6,75,08,53,778.55","1,66,292","33,10,878","41.05"
"RELIANCE","EQ","09-Sep-2011","852.45","852.15","858.55","823.70","824.40","825.75","837.29","67,57,863","5,65,83,04,618.95","1,37,445","32,41,788","47.97"
"RELIANCE","EQ","12-Sep-2011","825.75","810.35","822.45","795.25","805.00","806.30","808.08","42,46,961","3,43,18,67,132.55","1,00,727","12,51,431","29.47"
"RELIANCE","BL","12-Sep-2011","869.70","815.00","815.00","815.00","815.00","815.00","815.00","5,00,579","40,79,71,885.00","1","5,00,579","100.00"
"RELIANCE","EQ","13-Sep-2011","806.30","813.20","824.75","796.75","812.00","810.25","811.99","58,06,114","4,71,44,78,709.30","1,23,027","20,18,672","34.77"
"RELIANCE","EQ","14-Sep-2011","810.25","813.90","829.75","805.20","826.85","825.40","816.77","46,94,876","3,83,46,53,493.05","1,12,644","12,94,762","27.58"
"RELIANCE","EQ","15-Sep-2011","825.40","833.00","838.60","813.55","835.30","836.30","827.65","46,64,709","3,86,07,37,147.15","1,07,864","15,12,161","32.42"
"RELIANCE","EQ","16-Sep-2011","836.30","850.00","850.00","821.00","828.00","825.65","832.76","61,28,496","5,10,35,58,809.15","97,691","28,35,648","46.27"
"RELIANCE","EQ","19-Sep-2011","825.65","825.00","829.15","815.60","823.05","821.55","822.54","29,24,971","2,40,59,05,846.65","58,507","10,53,425","36.01"
"RELIANCE","EQ","20-Sep-2011","821.55","823.00","853.95","816.30","852.10","851.80","837.43","42,14,600","3,52,94,52,616.55","1,02,689","15,66,868","37.18"
"RELIANCE","EQ","21-Sep-2011","851.80","850.90","850.90","832.30","835.05","837.60","838.76","38,92,821","3,26,51,57,083.55","88,473","12,43,401","31.94"
"RELIANCE","EQ","22-Sep-2011","837.60","823.95","827.90","780.00","780.25","786.35","803.06","62,39,874","5,01,09,73,317.40","1,39,705","25,85,867","41.44"
"RELIANCE","EQ","23-Sep-2011","786.35","773.90","792.60","764.10","768.00","770.60","777.84","88,03,427","6,84,76,77,625.40","1,74,028","30,98,528","35.20"
"RELIANCE","EQ","26-Sep-2011","770.60","769.20","770.70","747.55","760.45","759.20","758.17","62,17,951","4,71,42,93,887.80","1,29,410","30,42,657","48.93"
"RELIANCE","EQ","27-Sep-2011","759.20","774.00","800.70","772.00","798.65","797.20","787.17","50,39,564","3,96,69,97,012.55","1,24,486","24,78,936","49.19"
"RELIANCE","EQ","28-Sep-2011","797.20","799.75","806.30","789.10","796.05","797.20","797.08","57,22,488","4,56,12,52,869.55","1,24,442","21,87,171","38.22"
"RELIANCE","EQ","29-Sep-2011","797.20","790.50","812.75","784.45","810.05","807.70","798.21","72,03,038","5,74,95,58,914.70","1,20,443","36,75,036","51.02"
"RELIANCE","EQ","30-Sep-2011","807.70","803.50","822.90","792.50","805.55","808.35","809.05","79,87,653","6,46,24,12,773.45","1,73,347","36,01,078","45.08"
"RELIANCE","EQ","03-Oct-2011","808.35","791.20","799.90","784.10","786.75","788.20","791.13","48,25,259","3,81,74,03,067.45","90,707","24,73,572","51.26"
"RELIANCE","EQ","04-Oct-2011","788.20","784.00","790.80","765.25","771.15","771.60","778.35","60,00,741","4,67,06,70,709.90","1,24,573","25,78,492","42.97"
"RELIANCE","EQ","05-Oct-2011","771.60","772.55","777.90","761.75","765.35","767.00","768.93","47,39,596","3,64,44,22,849.85","1,08,407","18,00,308","37.98"
"RELIANCE","EQ","07-Oct-2011","767.00","786.70","808.00","784.90","806.05","802.90","795.33","45,51,326","3,61,98,13,489.75","1,48,911","22,78,876","50.07"
"RELIANCE","EQ","10-Oct-2011","802.90","804.25","830.90","804.20","829.00","829.25","821.32","33,93,633","2,78,72,73,346.20","1,01,332","12,35,323","36.40"
"RELIANCE","EQ","11-Oct-2011","829.25","835.00","841.40","822.50","824.50","827.00","830.94","35,92,510","2,98,51,58,192.90","83,747","13,44,026","37.41"
"RELIANCE","EQ","12-Oct-2011","827.00","829.40","851.90","826.05","847.60","849.65","838.85","39,47,624","3,31,14,69,587.15","90,025","14,28,349","36.18"
"RELIANCE","EQ","13-Oct-2011","849.65","850.00","858.00","842.10","845.25","846.90","849.78","41,95,352","3,56,51,07,345.90","1,11,283","15,55,746","37.08"
"RELIANCE","EQ","14-Oct-2011","846.90","842.00","869.70","841.50","865.00","866.90","860.41","40,85,035","3,51,47,97,329.55","1,12,218","11,79,539","28.87"
"RELIANCE","EQ","17-Oct-2011","866.90","867.00","868.85","831.15","833.05","833.80","840.34","50,40,808","4,23,59,75,716.20","1,34,399","19,00,108","37.69"
"RELIANCE","EQ","18-Oct-2011","833.80","825.00","826.40","811.35","820.70","819.90","817.64","41,82,965","3,42,01,46,599.30","1,09,003","19,32,200","46.19"
"RELIANCE","EQ","19-Oct-2011","819.90","825.50","845.00","824.10","841.60","843.00","836.18","27,13,867","2,26,92,74,756.45","69,847","9,49,120","34.97"
"RELIANCE","EQ","20-Oct-2011","843.00","834.85","840.90","822.00","840.40","838.70","829.69","22,79,371","1,89,11,71,977.90","61,441","5,72,567","25.12"
"RELIANCE","EQ","21-Oct-2011","838.70","840.00","849.20","831.10","839.20","835.75","841.53","23,64,175","1,98,95,23,508.70","62,752","5,63,838","23.85"
"RELIANCE","EQ","24-Oct-2011","835.75","848.00","854.00","843.55","845.20","846.50","848.33","20,75,894","1,76,10,46,669.30","53,038","7,43,502","35.82"
"RELIANCE","EQ","24-Oct-2011","835.75","848.00","854.00","843.55","845.20","846.50","848.33","20,75,894","1,76,10,46,669.30","53,038","7,43,502","35.82"
"RELIANCE","EQ","25-Oct-2011","846.50","855.00","880.95","842.15","877.00","875.95","865.09","51,97,046","4,49,58,97,712.15","1,04,429","25,95,471","49.94"
"RELIANCE","EQ","26-Oct-2011","875.95","879.00","881.50","871.05","872.00","873.60","874.74","7,37,231","64,48,83,206.90","23,106","2,26,438","30.71"
"RELIANCE","EQ","28-Oct-2011","873.60","899.70","904.00","884.10","900.40","900.00","894.68","56,06,883","5,01,63,89,211.50","1,43,535","35,74,282","63.75"
"RELIANCE","EQ","31-Oct-2011","900.00","898.00","899.30","872.55","875.00","877.55","885.78","36,28,082","3,21,36,86,275.15","86,776","22,82,284","62.91"
"RELIANCE","EQ","01-Nov-2011","877.55","870.50","878.50","857.60","861.00","860.60","866.16","37,45,221","3,24,39,64,331.55","77,468","20,94,502","55.92"
"RELIANCE","EQ","02-Nov-2011","860.60","855.00","880.95","855.00","872.40","871.80","871.79","31,43,275","2,74,02,67,902.55","80,915","11,65,666","37.08"
"RELIANCE","EQ","03-Nov-2011","871.80","867.75","889.35","863.00","889.35","885.90","876.45","36,66,997","3,21,39,49,108.60","79,172","16,28,434","44.41"
"RELIANCE","EQ","04-Nov-2011","885.90","905.00","905.00","872.65","879.05","879.95","883.47","41,71,957","3,68,57,97,137.20","96,283","19,34,117","46.36"
"RELIANCE","EQ","08-Nov-2011","879.95","879.00","885.00","868.50","884.00","883.70","878.49","23,13,308","2,03,22,28,121.85","70,086","8,80,382","38.06"
"RELIANCE","EQ","09-Nov-2011","883.70","890.05","892.65","861.15","864.25","864.95","877.66","26,66,312","2,34,01,27,579.65","58,923","13,41,489","50.31"
"RELIANCE","EQ","11-Nov-2011","864.95","859.00","888.80","850.10","887.80","885.35","868.89","49,69,253","4,31,77,20,129.45","1,12,330","21,88,629","44.04"
"RELIANCE","EQ","14-Nov-2011","885.35","891.40","896.00","873.00","873.60","876.70","887.05","36,56,473","3,24,34,92,371.35","86,923","15,99,468","43.74"
"RELIANCE","EQ","15-Nov-2011","876.70","871.00","878.00","856.25","857.90","861.45","868.12","22,62,503","1,96,41,13,039.80","63,435","7,34,879","32.48"
"RELIANCE","EQ","16-Nov-2011","861.45","859.10","859.10","837.35","853.95","848.10","846.91","30,43,186","2,57,73,10,792.25","80,467","11,67,846","38.38"
"RELIANCE","EQ","17-Nov-2011","848.10","845.05","848.65","806.25","807.00","809.95","825.29","55,38,055","4,57,05,16,180.75","1,44,793","24,96,531","45.08"
"RELIANCE","EQ","18-Nov-2011","809.95","800.30","811.95","787.00","809.95","808.10","796.95","49,58,044","3,95,12,99,004.50","1,23,229","22,13,676","44.65"
"RELIANCE","EQ","21-Nov-2011","808.10","800.00","800.00","781.50","788.55","786.35","787.84","40,49,501","3,19,03,57,678.00","99,527","18,72,769","46.25"
"RELIANCE","EQ","22-Nov-2011","786.35","788.10","804.45","786.60","795.00","795.20","795.93","43,82,352","3,48,80,58,540.70","91,512","20,67,545","47.18"
"RELIANCE","EQ","23-Nov-2011","795.20","789.90","789.90","755.80","775.00","773.40","771.24","54,19,769","4,17,99,22,387.60","1,35,597","24,40,926","45.04"
"RELIANCE","EQ","24-Nov-2011","773.40","775.00","778.00","753.15","775.15","773.15","765.19","63,67,715","4,87,24,89,627.20","1,44,727","29,70,823","46.65"
"RELIANCE","EQ","25-Nov-2011","773.15","769.70","771.25","751.00","751.70","753.80","761.33","36,99,725","2,81,67,12,588.55","1,06,949","14,26,502","38.56"
"RELIANCE","EQ","28-Nov-2011","753.80","765.00","785.80","762.55","784.25","783.80","775.38","25,22,069","1,95,55,58,026.05","68,490","8,62,242","34.19"
"RELIANCE","EQ","29-Nov-2011","783.80","782.00","782.00","759.15","761.10","765.00","766.74","48,03,440","3,68,29,77,071.35","1,12,512","19,00,259","39.56"
"RELIANCE","EQ","30-Nov-2011","765.00","756.70","783.30","753.10","783.25","778.25","768.64","45,69,146","3,51,20,16,413.40","1,06,020","17,58,653","38.49"
"RELIANCE","EQ","01-Dec-2011","778.25","799.00","810.75","795.20","798.75","799.00","802.46","47,14,967","3,78,35,52,799.15","1,11,809","21,50,970","45.62"
"RELIANCE","EQ","02-Dec-2011","799.00","797.00","815.00","786.55","813.25","812.05","801.17","44,79,880","3,58,91,30,210.10","97,387","19,08,629","42.60"
"RELIANCE","EQ","05-Dec-2011","812.05","808.35","812.20","798.35","808.35","806.75","805.48","31,60,834","2,54,59,89,624.45","78,190","12,98,648","41.09"
"RELIANCE","EQ","07-Dec-2011","806.75","807.00","819.50","803.20","804.10","809.80","812.64","35,14,150","2,85,57,26,931.60","94,146","14,94,520","42.53"
"RELIANCE","EQ","08-Dec-2011","809.80","802.00","807.70","772.10","777.05","778.85","784.38","44,42,697","3,48,47,60,625.60","1,09,467","18,81,423","42.35"
"RELIANCE","EQ","09-Dec-2011","778.85","769.90","769.90","752.70","753.40","755.70","760.14","50,44,876","3,83,48,35,072.85","1,14,842","22,70,158","45.00"
"RELIANCE","EQ","12-Dec-2011","755.70","760.55","762.00","724.00","726.80","727.50","740.66","50,97,034","3,77,51,72,443.50","1,15,531","20,29,684","39.82"
"RELIANCE","EQ","13-Dec-2011","727.50","723.90","746.00","721.00","743.65","742.30","734.72","52,28,468","3,84,14,51,760.00","1,32,811","18,95,012","36.24"
"RELIANCE","EQ","14-Dec-2011","742.30","738.00","753.90","733.40","739.70","741.90","745.66","53,04,706","3,95,55,03,044.80","1,05,074","18,66,481","35.19"
"RELIANCE","EQ","15-Dec-2011","741.90","731.90","754.50","723.50","750.85","750.15","741.04","66,11,139","4,89,90,98,285.25","1,35,503","27,36,620","41.39"
"RELIANCE","EQ","16-Dec-2011","750.15","749.00","844.60","716.05","720.00","721.85","741.45","58,28,713","4,32,17,21,691.00","1,30,928","19,43,797","33.35"
"RELIANCE","EQ","19-Dec-2011","721.85","719.20","739.90","715.15","736.00","735.30","726.75","47,14,116","3,42,60,00,346.20","1,11,416","19,53,018","41.43"
"RELIANCE","EQ","20-Dec-2011","735.30","741.70","741.70","709.20","711.75","713.45","724.03","55,50,563","4,01,87,86,162.20","1,54,595","23,48,730","42.32"
"RELIANCE","EQ","21-Dec-2011","713.45","727.00","753.75","722.70","753.05","748.00","733.89","45,63,405","3,34,90,22,526.50","1,05,027","21,02,943","46.08"
"RELIANCE","EQ","22-Dec-2011","748.00","741.35","760.30","733.00","758.30","754.55","744.42","44,73,719","3,33,03,14,213.40","93,790","17,95,630","40.14"
"RELIANCE","EQ","23-Dec-2011","754.55","760.00","769.75","742.40","745.50","746.40","757.91","35,11,075","2,66,10,81,257.05","81,212","8,68,928","24.75"
"RELIANCE","EQ","26-Dec-2011","746.40","747.05","764.80","745.55","759.30","761.00","757.75","23,76,469","1,80,07,74,722.25","57,259","4,98,900","20.99"
"RELIANCE","EQ","27-Dec-2011","761.00","766.00","768.70","745.35","754.05","753.05","757.23","30,74,308","2,32,79,61,267.85","62,515","7,93,411","25.81"
"RELIANCE","EQ","28-Dec-2011","753.05","757.70","758.50","735.35","736.10","739.05","743.80","28,29,068","2,10,42,68,441.85","79,333","8,19,451","28.97"
"RELIANCE","EQ","29-Dec-2011","739.05","733.65","739.00","707.20","709.70","711.90","720.10","54,49,524","3,92,41,80,528.10","1,07,457","21,01,882","38.57"
"RELIANCE","EQ","30-Dec-2011","711.90","713.00","720.55","689.00","693.10","692.95","703.06","66,62,330","4,68,40,37,272.35","1,68,592","23,17,483","34.78"
"RELIANCE","EQ","02-Jan-2012","692.95","696.80","709.75","687.15","707.10","706.55","698.54","42,99,217","3,00,31,73,232.75","1,07,910","8,13,671","18.93"
"RELIANCE","EQ","03-Jan-2012","706.55","712.25","726.90","710.35","723.55","724.65","719.42","46,83,491","3,36,94,19,363.10","1,16,827","19,09,861","40.78"
"RELIANCE","EQ","04-Jan-2012","724.65","727.40","730.95","713.35","714.80","716.15","721.45","42,38,367","3,05,77,54,094.45","1,03,487","14,13,675","33.35"
"RELIANCE","EQ","05-Jan-2012","716.15","715.00","724.95","694.10","702.00","699.50","709.52","66,19,586","4,69,67,15,962.95","1,53,163","30,00,205","45.32"
"RELIANCE","EQ","06-Jan-2012","699.50","697.05","724.00","696.65","718.15","717.55","710.55","47,03,147","3,34,18,32,553.40","1,32,079","13,31,569","28.31"
"RELIANCE","EQ","07-Jan-2012","717.55","716.70","718.90","713.30","714.45","714.75","716.26","4,60,231","32,96,47,099.05","11,413","1,13,393","24.64"